id;компания;офисы_и_дубли;сайт;тип_организации;профиль_по_списку;этапы_основные;этапы_дополнительные;слой;роль_клиента;подкатегория;рынки_цель;рынки_коды;рынки_основание;глобальная;штаб_город;штаб_страна;размер_сотрудников;последний_раунд;привлечено;год_основания;выручка;источники_данных;данные_проверены;примечание;группа
bobyard;Bobyard;;bobyard.com;продукт;AI takeoff и сметы для субподрядчиков;S5;S5a;;субподрядчик;обмер объёмов и сметы;н/д;US;штаб;;San Francisco;США;"81 (на 31.07.2026, один агрегатор; другие источники дают иные цифры)";Series A, $35 млн, дек. 2025 (ведущий инвестор 8VC);$73,9 млн за 3 раунда (агрегатор);2023;не раскрыта;https://www.businesswire.com/news/home/20251210946193/en/Bobyard-Raises-$35-Million-Series-A-to-Power-How-the-World-Gets-Built https://tracxn.com/d/companies/bobyard/__IDEttZmVgz6sEYZ1CoNtgfRsxhMB0sxGHiBNtHDBPLE;частично: агрегаторы и пресс-релизы, не первоисточник;Tracxn/PitchBook дают штаб Cupertino, список основателя — San Francisco | этапы — оценка по описанию;
1001-ai;1001 AI;;1001.ai;продукт;AI operational intelligence для стройки;S6;S6a;;генподрядчик;операционная аналитика;Персидский залив (GCC): порты, аэропорты, энергетика, мегапроекты — вне заданной географии;OTHER;текст;;San Francisco;США;н/д;Series A, $30 млн, июнь 2026 (ведущий инвестор Lux Capital);"$39 млн (посевной раунд $9 млн, окт. 2025 + Series A $30 млн; сумма — расчёт)";2025;не раскрыта;https://www.wamda.com/2026/06/1001-closes-30-million-series-a-build-sovereign-ai-gcc https://www.constructionindustry.ai/funding/1001-30m-series-a-lux-capital-sovereign-ai-infrastructure/;частично: агрегаторы и пресс-релизы, не первоисточник;"источники называют компанию GCC- и лондонской, список основателя — San Francisco; фокус шире стройки: порты, аэропорты, энергетика — проверить, относится ли к стройке в узком смысле | этапы — оценка по описанию";
endra;Endra;также в списке 2 как «Endra AI»;endra.ai;продукт;AI-автопроектирование для MEP-инженеров;S3;;;проектировщик;автопроектирование MEP;н/д;EU;штаб;;Stockholm;Швеция;29 (на 31.07.2026, агрегатор);"Series A, $50 млн (ведущий инвестор Andreessen Horowitz), 2026; ранее посевной раунд $20 млн, дек. 2025 (ведущий инвестор Notion Capital)";$73,4 млн за 3 раунда (агрегатор);2024 (октябрь);не раскрыта;https://arcticstartup.com/endra-raises-20-million-seed/ https://www.founderstoday.news/endra-raises-50m-series-a/ https://tracxn.com/d/companies/endra/__f1yiUY0tQymjEwuAbbXdE9YaGCYKyCofVWxq9cLomDA;частично: агрегаторы и пресс-релизы, не первоисточник;дубль из двух списков объединён | продукт превращает архитектурные 3D-модели в проект MEP: электрика, вентиляция, пожарные системы, кабельные трассы | этапы — оценка по описанию;
bedrock-robotics;Bedrock Robotics;;bedrockrobotics.com;продукт;автономность для тяжёлой техники;S6;S6c;;генподрядчик;автономная техника;н/д;US;штаб;;San Francisco;США;51–200 (агрегатор);"Series B, $270 млн, 05.02.2026 (ведущие CapitalG и Valor Atreides AI Fund); оценка $1,8 млрд — по сводке поиска, в статье не подтверждена";более $350 млн;2024;не раскрыта;https://techfundingnews.com/bedrock-robotics-270m-series-b-autonomous-construction/ https://www.equipmentworld.com/technology/article/15751791/bedrock-robotics-emerges-with-80m-for-autonomous-equipment https://bedrockrobotics.com (сайт загружен 02.10.2026);частично: статья в профильной прессе (первичное сообщение компании не открылось);"дооснащает экскаваторы, бульдозеры, погрузчики; работает с генподрядчиками | этапы — оценка по описанию | по статье, из стелса вышла в июле 2025 с $80 млн (seed и Series A); год основания расходится (2024 по агрегаторам, 2025 по статье)";
terrafirma;TerraFirma;;н/д;строитель/застройщик;AI-софт и автономная строительная робототехника;S6;S6c;;генподрядчик;роботы;земляные работы, снос, подготовка площадок, инфраструктура для дата-центров, дорог, подстанций и энергетики;US;штаб;;Austin;США;н/д;"Series A, $100 млн (ведущий инвестор Kleiner Perkins); всего $115 млн, июль 2026";$115 млн;2024;не раскрыта;https://www.equipmentworld.com/technology/article/15830254/terrafirma-raises-115m-for-semiautonomous-construction-equipment https://www.businesswire.com/news/home/20260714397606/en/TerraFirma-Raises-$115M-to-Accelerate-Construction-on-Earth-and-Beyond;частично: агрегаторы и пресс-релизы, не первоисточник;"уточнить, что именно автоматизируют | перекодировано: компания не только продаёт ПО, она сама выполняет земляные работы как строительная организация с дооснащённой техникой (вертикальная интеграция); ПО предстроительной подготовки — надстройка";
foresight;Foresight;;foresight.works;продукт;AI-планирование и управление поставкой проекта;S6;S6a;;генподрядчик;график и управление проектом;"крупная инфраструктура, дата-центры гипермасштаба, промышленные объекты; офисы London, New York, Tel Aviv";"US; UK; OTHER";текст;;London;Великобритания;н/д;Series A, $25 млн, 18.03.2026 (ведущий инвестор Macquarie Capital Venture Capital);н/д;2018;не раскрыта;https://www.globenewswire.com/news-release/2026/03/18/3258175/0/en/Foresight-Raises-US25-Million-to-Close-the-Execution-Gap-in-the-Global-Infrastructure-Supercycle.html;да: первоисточник открыт 02.10.2026 (пресс-релиз о Series A);этапы — оценка по описанию;
higharc;Higharc;;higharc.com;продукт;AI-платформа для домостроителей, от проекта до стройки;S3;"S5; S8b";;застройщик;проектирование жилых домов;н/д;US;штаб;;Durham;США;188 (на 26.05.2026, агрегатор);Series C, $95 млн, июнь 2026 (ведущий инвестор Insight Partners);более $170 млн;2018;не раскрыта;https://www.prnewswire.com/news-releases/higharc-announces-53m-series-b-for-its-connected-homebuilding-cloud-302062557.html https://www.higharc.com/newsroom/higharc-95m-series-c-for-homebuilding-ai;да: первоисточник открыт 06.10.2026 (пресс-релиз о Series C);"по описанию в прессе заменяет AutoCAD; автоматизирует проект, сметы и продажи для домостроителей | этапы — оценка по описанию | из пресс-релиза: Series B $53 млн, фев. 2024 (ведущие Spark Capital и Pillar VC), всего привлечено на тот момент $78,7 млн | правка 06.10.2026: Series C $95 млн, 30.06.2026, Insight Partners, всего более $170 млн — подтверждено сообщением компании (открыто)";
monumental;Monumental;;monumental.co;продукт;автономная кладка кирпича и строительные роботы;S6;S6c;;генподрядчик;роботы;"Нидерланды, Великобритания; выход в США";"US; UK; NL";текст;;Amsterdam;Нидерланды;н/д;"Series B, $32 млн, 15.07.2026 (ведущий инвестор Khosla Ventures; Plural и Hummingbird участвовали)";"$57 млн (сумма двух раундов — расчёт; возможны более ранние)";2021;не раскрыта;https://tech.eu/2026/07/15/monumental-secures-32m-series-b-to-accelerate-construction-automation/ https://techfundingnews.com/monumental-raises-32m-khosla-ventures-bricklaying-robots/ https://monumental.co (сайт загружен 02.10.2026);"да: первоисточник открыт 02.10.2026 (статья tech.eu о Series B; первичного сообщения компании нет)";"флот 150+ роботов, построено 100+ домов в Нидерландах и Великобритании — часть работ выполняет сам как подрядчик | этапы — оценка по описанию | по статье: флот более 150 роботов в Нидерландах и Великобритании; год основания и общая сумма в статье не названы";
xpanner;Xpanner;;xpanner.com;продукт;физический AI для автоматизации стройплощадки;S6;S6c;;генподрядчик;роботы;солнечные электростанции, накопители энергии, строительство дата-центров;US;штаб;;Santa Fe Springs;США;н/д;Series B bridge, $18 млн, май 2026 (ведущий инвестор Korea Investment Partners);$38 млн с 2020 года;2020;не раскрыта;https://news.crunchbase.com/real-estate-property-tech/xpanner-automation-as-a-service-for-construction-sites-startup-funding-physical-ai-robotics/ https://xpanner.com/xpanner-lands-18m-to-offer-automation-as-a-service-to-construction-sites/;частично: агрегаторы и пресс-релизы, не первоисточник;уточнить, что автоматизируют | продаёт подписку на задачи (забивка свай, перемещение материалов, траншеи, планировка) на дооснащённой технике клиента | этапы — оценка по описанию;
attentive-ai;Attentive.ai;;attentive.ai;продукт;AI takeoff, сметы и BIM;S5;"S5a; S3";;субподрядчик;обмер объёмов и сметы;н/д;US;штаб;;Wilmington;США;526 (агрегатор);"Series B, $30,5 млн (ведущий инвестор Insight Partners); ранее A $7 млн (фев. 2024) и A2 $12 млн (янв. 2025)";$48 млн;2017;оценка ~$57,9 млн ARR за 2025 — сторонняя оценка агрегатора Latka, не раскрыта компанией;https://techfundingnews.com/attentive-ai-raises-30m-ai-construction-takeoffs/ https://www.ibeam.ai/blog/attentive-ai-secures-30-5m-series-b-to-make-ai-the-backbone-of-preconstruction https://getlatka.com/companies/attentive.ai https://attentive.ai (сайт загружен 02.10.2026);частично: агрегаторы и пресс-релизы, не первоисточник;"в поиске путается с маркетинговой компанией Attentive; продукт Beam AI; сайт не подтверждён | этапы — оценка по описанию";
adaptive;Adaptive;также в списке 2;adaptive.build;продукт;AI-учёт для стройки: job costing, бюджеты, заявки на выплату (draw requests);S6;;финансы и страхование;генподрядчик;учёт затрат;генподрядчики, специализированные подрядчики, застройщики (США);US;текст;;New York;США;"115 (агрегатор); клиентов более 750";"Series B, $30 млн, сент. 2026 (ведущий инвестор Tidemark); ранее Series A $19 млн, посевной раунд $6,5 млн (2022, лид a16z)";$57 млн;2022;не раскрыта;https://www.internationalaccountingbulletin.com/news/adaptive-raises-30m-in-funding-for-agentic-construction-accounting/ https://techcrunch.com/2022/07/07/andreessen-horowitz-leads-6-5m-seed-round-for-adaptive-which-operates-at-the-intersection-of-construction-software-and-fintech/;частично: агрегаторы и пресс-релизы, не первоисточник;дубль из двух списков объединён | этапы — оценка по описанию | этапы распределены из бывшего сквозного слоя (оценка);
doxel;Doxel;;doxel.ai;продукт;контроль хода работ через компьютерное зрение;S6;S6b;;генподрядчик;контроль хода и качества;н/д;US;штаб;;Menlo Park;США;121–137 (три агрегатора, на 2026);Series B, $40 млн, авг. 2021 (ведущий инвестор Insight Partners);$56,5 млн;2016;не раскрыта;https://www.enr.com/articles/52256-computer-vision-construction-management-platform-doxel-raises-40-million-from-insight-others https://tracxn.com/d/companies/doxel/__9SPZz1DrKtC8WV-qZTwLDHig7LghXX9s83sHy52FKR8 https://doxel.ai (сайт загружен 02.10.2026);частично: агрегаторы и пресс-релизы, не первоисточник;последний известный раунд — 2021, свежих раундов в найденном нет | этапы — оценка по описанию;
meltplan;MeltPlan;;meltplan.com;продукт;AI-планирование предстроительной подготовки для AEC;S5;S3;комплаенс;н/д;предстроительная подготовка: нормы, объёмы, торги;н/д;US;штаб;;Berkeley;США;н/д;Посевной раунд, $10 млн, 26.02.2026 (ведущий инвестор Bessemer Venture Partners);$14 млн;2025;не раскрыта;https://www.business-standard.com/companies/start-ups/ai-platform-meltplan-raises-10-million-in-seed-funding-126022500736_1.html https://inc42.com/company/meltplan/ https://meltplan.com (сайт загружен 02.10.2026);частично: агрегаторы и пресс-релизы, не первоисточник;назначение продукта неясно из описания — уточнить | продукты: Melt Code (проверка строительных норм), Melt Takeoff (объёмы), Melt Bid (подготовка и выравнивание заявок) — этап уточнён по описаниям в прессе | этапы — оценка по описанию;
permitflow;PermitFlow;;permitflow.com;продукт;AI для получения разрешений до начала стройки;S4;;;"застройщик; генподрядчик";разрешения (сторона заявителя);н/д;US;штаб;;New York;США;135–149 (на июнь 2026, агрегаторы);"Series B, $54 млн, дек. 2025 (ведущий инвестор Accel); ранее $31 млн, фев. 2024 (Kleiner Perkins)";$91 млн;2021;"оценка агрегатора Latka: $17,6 млн (год не указан); 2023 — $4,1 млн; не раскрыта компанией";https://www.alleywatch.com/2025/12/permitflow-permit-automation-software-construction-ai-platform-francis-thumpasery/ https://getlatka.com/companies/permitflow.com https://permitflow.com (сайт загружен 02.10.2026);частично: агрегаторы и пресс-релизы, не первоисточник;этапы — оценка по описанию;
buildots;Buildots;также в списке 2;buildots.com;продукт;компьютерное зрение для контроля хода стройки;S6;S6b;;генподрядчик;контроль хода и качества;н/д;"US; EU";вручную: в примечании — работает в США и Европе;;Tel Aviv;Израиль;"около 400 (пресса), 469 на авг. 2026 (агрегатор); около 260 в Израиле";$130 млн, сент. 2026;"около $297 млн (агрегатор; $166 млн до этого раунда)";2018;"компания не раскрывает; агрегатор: диапазон £1–10 млн на 31.12.2024; утроение выручки три года подряд (заявление компании)";https://siliconangle.com/2026/09/14/buildots-raises-130-million-to-expand-ai-powered-construction-platform/ https://tracxn.com/d/companies/buildots/___6E1LfnS6zblo-Swyd5EJBjGLPcL8RbWP86YIjw_Img;частично: агрегаторы и пресс-релизы, не первоисточник;"дубль из двух списков объединён; штаб вне заданной географии, но работает в США и Европе — проверить | этапы — оценка по описанию";
keyway;Keyway;;keyway.ai;продукт;AI-автоматизация рабочих процессов коммерческой недвижимости;S8b;S0;;инвестор/собственник;сделки с коммерческой недвижимостью;н/д;US;штаб;;New York;США;н/д;"Series A, $25 млн, июнь 2022 (ведущий инвестор Camber Creek); более поздние раунды не найдены";$110 млн по одному агрегатору, $30 млн+ по другому — расходятся;2020;не раскрыта;https://www.crunchbase.com/organization/keyway-ai https://startup-seeker.com/company/keyway~ai https://keyway.ai (сайт загружен 02.10.2026);частично: агрегаторы и пресс-релизы, не первоисточник;"продукты: KeyDocs (извлечение данных из документов), KeyComps (сравнение арендных ставок), KeyBrain (рыночные данные по многоквартирному жилью); ближе к управлению недвижимостью, чем к стройке | этапы — оценка по описанию";
alice-technologies;ALICE Technologies;;alicetechnologies.com;продукт;AI-перебор вариантов и планирование строительства;S6;"S5; S6a";;генподрядчик;график и управление проектом;н/д;US;штаб;;Menlo Park;США;96 (на 31.07.2026, агрегатор);"Series B, $30 млн (ведущий инвестор Vanedge Capital), расширен (Swire Properties и кредит Bridge Bank); дата не подтверждена";$74,1 млн за 14 раундов (агрегатор);"2015 (по другим источникам — 2013); основано на исследовании Стэнфорда";"оценка агрегатора Latka: $14,4 млн ARR за 2023; не раскрыта компанией";https://www.alicetechnologies.com/about https://buildindigital.com/ai-construction-optioneering-platform-alice-technologies-extends-series-b-funding-round/ https://getlatka.com/companies/alicetechnologies.com https://alicetechnologies.com (сайт загружен 02.10.2026);частично: агрегаторы и пресс-релизы, не первоисточник;этапы — оценка по описанию;
digs;Digs;;digs.com;продукт;AI-платформа для домостроителей;S7;"S6; S8a";;застройщик;цифровой паспорт дома: история, материалы, гарантии;США: тысячи домов в 50 штатах;US;текст;;Vancouver, WA;США;н/д;"Series A, $25,3 млн, авг. 2026 (ведущий инвестор Builders FirstSource); ранее pre-A $5 млн (2025)";более $47 млн;2022;не раскрыта;https://www.geekwire.com/2026/homebuilding-ai-startup-digs-raises-25-3m-and-partners-with-building-products-giant/ https://www.finsmes.com/2026/08/digs-raises-25-3m-in-series-a-funding.html https://digs.com (сайт загружен 02.10.2026);частично: агрегаторы и пресс-релизы, не первоисточник;"назначение уточнить; штаб вне заданной географии | исправлено: штаб — Vancouver, штат Вашингтон (США), а не Канада; этапы перекодированы по описанию в прессе («CarFax для дома», замена PDF-чертежей и бумажной документации)";
estie;estie, inc.;;estie.jp;продукт;японская платформа данных по коммерческой недвижимости;S8b;S0;;инвестор/собственник;данные о коммерческой недвижимости;Япония — вне заданной географии;OTHER;текст;;Tokyo;Япония;65–67 (агрегаторы, 2026);Series B, ¥2,8 млрд (около $20 млн), 2024;$47,7–58,7 млн (источники расходятся);2018;не раскрыта;https://japanstartupobserver.substack.com/p/estie-raises-jpy-28-billion-in-series https://tracxn.com/d/companies/estie/__ZOaDwI_CFbbRENJskUNy6LNYl_3hP5KfwdAYCxO_nW8 https://estie.jp (сайт загружен 02.10.2026);частично: агрегаторы и пресс-релизы, не первоисточник;вне заданной географии — оставлено для полноты | этапы — оценка по описанию;
built-robotics;Built Robotics;;builtrobotics.com;продукт;AI-роботы для стройки (сваи, экскаваторы);S6;S6c;;генподрядчик;роботы;строительство солнечных электростанций (забивка свай, RPD 35);US;штаб;;San Francisco;США;"40 (агрегатор; возможно, устарело)";Series C, $64 млн, апр. 2022 (ведущий инвестор Tiger Global);$112 млн;2016;не раскрыта;"https://www.therobotreport.com/built-robotics-digs-up-64m-for-construction-vehicle-autonomy-kits/ https://en.wikipedia.org/wiki/Built_Robotics https://builtrobotics.com (адрес виден в результатах поиска; сайт не открылся автоматически — 403)";частично: агрегаторы и пресс-релизы, не первоисточник;последний известный раунд — 2022 | этапы — оценка по описанию;
netvendor;NetVendor;;netvendor.com;продукт;проверка соответствия подрядчиков для недвижимости;S8a;;комплаенс;управляющая компания;комплаенс подрядчиков;н/д;US;штаб;;Tualatin;США;51–200 (агрегатор);мажоритарная инвестиция Five Arrows, нояб. 2025 (выкуп доли у Greenridge Growth Partners — частный капитал, не венчурный раунд);н/д;2009;не раскрыта;https://www.prnewswire.com/news-releases/netvendor-secures-majority-investment-from-five-arrows-to-drive-next-phase-of-growth-302606466.html https://www.cbinsights.com/company/netvendor-1 https://netvendor.com (сайт загружен 02.10.2026);частично: агрегаторы и пресс-релизы, не первоисточник;"зрелая компания 2009 года, не стартап; клиентов — управляющие недвижимостью | этапы — оценка по описанию | этапы распределены из бывшего сквозного слоя (оценка)";
cosuno;Cosuno;;cosuno.com;продукт;тендеры и совместная работа в строительстве;S5;S5c;;генподрядчик;тендеры;"Германия и коммерческое строительство; обработано тендеров на $4 млрд (заявление компании)";EU;текст;;Berlin;Германия;85–140 (агрегаторы);"Series B, $30 млн, фев. 2022 (ведущий инвестор Avenir Growth; оценка $150 млн)";$45 млн;2019;не раскрыта;https://tech.eu/2022/02/09/cosuno-brings-in-30-million-to-digitise-construction-industry/ https://www.cosuno.com/web/en/company https://cosuno.com (сайт загружен 02.10.2026);частично: агрегаторы и пресс-релизы, не первоисточник;проверить, не поглощена ли (корпоративная принадлежность) | свежих раундов и сведений о поглощении в найденном нет — проверить корпоративную принадлежность | этапы — оценка по описанию;
zefir;Zefir;;zefir.fr;продукт;AI-помощь в продаже жилья;S8b;;;застройщик;продажи жилья;Франция;EU;текст;;Paris;Франция;н/д;Series B, €15 млн, сент. 2025 (ведущий инвестор FinTech Collective);€50 млн;2020;"не раскрыта; заявлено €600 млн+ годовых продаж жилья через платформу (это объём сделок, не выручка компании)";https://aimgroup.com/2025/09/04/france-based-property-marketplace-startup-zefir-raises-17-5m-in-funding/ https://www.proptechbuzz.com/news/zefir-raises-15m-ai-real-estate https://zefir.fr (сайт загружен 02.10.2026);частично: агрегаторы и пресс-релизы, не первоисточник;это торговая площадка продаж жилья через сеть агентов, к стройке отношения почти не имеет — вне ядра | этапы — оценка по описанию;
cupix;Cupix;;cupix.com;продукт;видео 360° в 4D цифровые двойники;S6;"S6b; S7";;генподрядчик;контроль хода и качества;строительство и управление объектами;US;штаб;;Round Rock;США;139–143 (агрегаторы, 2026);Series C, $23,4 млн (дата не подтверждена);$40,2 млн;2015;не раскрыта;https://www.cbinsights.com/company/cupix https://tracxn.com/d/companies/cupix/__00FUcwRTQDhlnIwwMqzSp_4K_nC-mqwCIixHMOXT474 https://cupix.com (сайт загружен 02.10.2026);частично: агрегаторы и пресс-релизы, не первоисточник;этапы — оценка по описанию;
greenlite;GreenLite;;greenlite.com;продукт + экспертная услуга;AI-разрешения и проверка планов (сторона города);S4;;;"генподрядчик; муниципалитет";частная проверка планов и разрешения (приватизация разрешений);"США: заявлено почти 100 клиентов из Fortune 500 (Walgreens, O'Reilly Auto Parts, TD Bank и др.); срок разрешений короче на 75% — заявление компании";US;текст;;New York;США;н/д (106 из прежних данных — без даты и отдельного источника);"Series B, $49,5 млн, 15.09.2025 (ведущий инвестор Insight Partners); ранее Series A $28,5 млн, сент. 2024";"$78 млн (сумма двух раундов — расчёт; возможны более ранние)";2022;не раскрыта;https://www.prnewswire.com/news-releases/greenlite-raises-49-5m-series-b-to-advance-the-privatization-of-construction-permitting-with-ai-powered-solutions-302555315.html https://greenlite.com/;частично: часть полей сверена с первоисточником 06.10.2026 (по фактчеку), остальное — агрегаторы;"по описанию в пресс-релизе: частная проверка планов (Private Plan Review) по заказу корпоративных клиентов (заявлено ~100 компаний из Fortune 500), а не только продажа муниципалитетам — роль клиента уточнена | правка 06.10.2026: по сайту компании (открыт): две стороны — строители и строительные департаменты; услуги экспертов (управление разрешениями, частная проверка планов, проверка норм) плюс платформы Atlas и LiteTable";
parspec;Parspec;;parspec.io;продукт;AI для закупки строительной продукции;S5;S5b;;"дистрибьютор/производитель; субподрядчик";закупка материалов;США: электрические дистрибьюторы и агентства по освещению;US;текст;;San Francisco;США;"51–100 (агрегатор); клиентов 288 (заявление компании)";Series A, $20 млн, июль 2025 (ведущий инвестор Threshold Ventures);$31,5 млн;2021;"не раскрыта; заявлен рост выручки в 4 раза за 12 месяцев";https://news.crunchbase.com/ai/construction-supply-chain-startup-parspec/ https://edisonreport.com/2025/07/08/parspec-raises-20-million-series-a-to-modernize-the-construction-supply-chain-with-ai/ https://parspec.io (сайт загружен 02.10.2026);частично: агрегаторы и пресс-релизы, не первоисточник;продукт для агентов и дистрибьюторов (подбор продукции, котировки, пакеты согласования), начинал с освещения и электрики, расширяется на MEP | этапы — оценка по описанию;
dealpath;Dealpath;;dealpath.com;продукт;AI-операционная система для инвестиций в недвижимость;S0;"S1; S8b";;инвестор/собственник;инвестиционная аналитика;н/д;US;штаб;;San Francisco;США;104–110 (агрегаторы, 2026);"Series C, $43 млн (ведущий инвестор Morgan Stanley Expansion Capital; дата не подтверждена)";$57,8–61,8 млн (источники расходятся);2014;"оценка агрегатора Latka: $19,3 млн ARR за 2024; не раскрыта компанией";https://www.morganstanley.com/im/en-us/individual-investor/insights/press-release/dealpath-raises-series-c-morgan-stanley-expansion-capital.html https://getlatka.com/companies/dealpath;частично: агрегаторы и пресс-релизы, не первоисточник;сайт dealpath.com — предположение: при автоматической загрузке ответ 403, содержимое не проверено | этапы — оценка по описанию;
fifth-dimension;Fifth Dimension;;fifthdimensionai.com;продукт;аналитика решений для инвесторов в реальные активы;S0;S8b;;инвестор/собственник;инвестиционная аналитика;"Великобритания, США, Азиатско-Тихоокеанский регион; офисы London, New York, Singapore";"US; UK; OTHER";текст;;London;Великобритания;н/д;Series A, $26 млн (€22 млн), май 2026 (ведущий инвестор HV Capital);более $40 млн;2023;не раскрыта;"https://www.fifthdimensionai.com/news/fifth-dimension-raises-series-a/ https://bebeez.eu/2026/05/11/londons-fifth-dimension-raises-e22-million-to-scale-ai-powered-decision-intelligence-for-real-assets/ https://fifthdimensionai.com (адрес виден в результатах поиска; сайт не открылся автоматически — 403)";частично: агрегаторы и пресс-релизы, не первоисточник;этапы — оценка по описанию;
vts;VTS;;vts.com;продукт;платформа аренды и управления активами коммерческой недвижимости;S8b;;;"инвестор/собственник; управляющая компания";аренда;н/д;US;штаб;;New York;США;656 (на 2025, агрегатор);"Series E, более $125 млн (ведущий инвестор CBRE); последняя сделка — долговое финансирование $150 млн, 2022";$336,6 млн за 8 раундов;2012;"оценка агрегатора Latka: $125,5 млн ARR за 2025 (было $79,6 млн в 2022); не раскрыта компанией";"https://www.vts.com/news/vts-announces-over-125m-in-series-e-funding-round-led-by-cbre https://getlatka.com/companies/vts https://vts.com (адрес виден в результатах поиска; сайт не открылся автоматически — 403)";частично: агрегаторы и пресс-релизы, не первоисточник;"зрелая компания; к стройке отношения не имеет — рынок аренды коммерческой недвижимости | этапы — оценка по описанию";
hqo;HqO;;hqo.com;продукт;платформа клиентского опыта арендаторов коммерческой недвижимости;S8a;S8b;;управляющая компания;клиентский опыт арендаторов;н/д;US;штаб;;Boston;США;110–111 (агрегаторы);"Series D, более $50 млн, 18.10.2023 (ведущий инвестор Koch Real Estate Investments); более поздние раунды не искались";более $200 млн на 18.10.2023 (заявление компании);2018;оценка агрегатора Latka: $12,1 млн ARR за 2025 (расходится с масштабом привлечённых денег — слабая оценка);"https://www.hqo.com/resources/blog/scaling-hqo-tenant-experience-platform-with-funding-from-accomplice-jll-spark-navitas-capital-divcowest-and-more/ https://tracxn.com/d/companies/hqo/__OP_GV9EkFet2EYHA-mGxBYctHuKf3-9DwR60CtlaWok https://hqo.com (адрес виден в результатах поиска; сайт не открылся автоматически — 403) https://www.hqo.com/fr/resources/releases/hqo-raises-over-50m-in-series-d-funding-to-revolutionize-the-real-estate-landscape/";частично: часть полей сверена с первоисточником 06.10.2026 (по фактчеку), остальное — агрегаторы;к стройке отношения не имеет — клиентский опыт арендаторов коммерческой недвижимости | этапы — оценка по описанию | правка 06.10.2026: раунд и сумма — по сообщению компании, открыто 06.10.2026;
casafari;CASAFARI;;casafari.com;продукт;данные о недвижимости из 30 000+ источников;S0;S8b;данные;инвестор/собственник;данные о недвижимости;Европа (данные из 30 000+ источников — заявление компании);EU;текст;;Lisbon;Португалия;169 (2026, агрегатор);долговое финансирование $5,3 млн, 2024;$30,3 млн за 4 раунда;2018;"оценка агрегатора Latka: $9 млн ARR за 2024; не раскрыта компанией";https://getlatka.com/companies/casafari.com https://app.dealroom.co/companies/casafari;частично: агрегаторы и пресс-релизы, не первоисточник;к стройке отношения не имеет — данные о объявлениях на рынке недвижимости | этапы — оценка по описанию;
entrata;Entrata;;entrata.com;крупный вендор;платформа управления недвижимостью со слоем AI;S8a;S8b;;управляющая компания;управление недвижимостью;н/д;US;штаб;;Lehi;США;2 246 (агрегатор);Series D, $200 млн, 15.05.2025, оценка $4,3 млрд;"$707 млн (агрегатор; инвестор Silver Lake)";2003;"оценка агрегатора: $200 млн ARR; не раскрыта компанией";https://pitchbook.com/profiles/company/55128-34 https://siliconvalleyinvestclub.substack.com/p/entrata-raises-200-million-at-a-43 https://entrata.com (сайт загружен 02.10.2026);частично: агрегаторы и пресс-релизы, не первоисточник;"крупная компания (действующий игрок в своём сегменте) | к стройке отношения не имеет — управление жилой недвижимостью; в агрегаторе указан статус «IPO Registration» — не проверено | этапы — оценка по описанию";
hover;Hover;;hover.to;продукт;фото со смартфона в 3D-модели зданий;S2;"S5a; S9";;"подрядчик; страховщик";обмеры существующих зданий;строительство и страхование (США);US;текст;;San Francisco;США;479–483 (агрегаторы, 2026);Series D (дата не подтверждена);$127–178 млн (источники расходятся);2011;не раскрыта;https://tracxn.com/d/companies/hover/__53HLoHapLi2_78FAfIhQB6J4kVKxKbCUubEIjcG5Rmc https://www.standardindustries.com/hover-secures-60m-for-3d-imaging-to-assess-and-fix-properties/;частично: агрегаторы и пресс-релизы, не первоисточник;этапы — оценка по описанию;
built;Built;;getbuilt.com;продукт;AI для кредитования строительства и недвижимости;S1;S6;финансы и страхование;кредитор;кредитование строительства;США: более 300 финансовых организаций, $200 млрд ежегодных расходов на стройку под управлением (заявление компании);US;текст;;Nashville;США;около 304 (2026), было 372 в 2023;Series D, $125 млн (ведущий инвестор TCV, Goldman Sachs, Index Ventures) + расширение $23,6 млн, июль 2022;$289,1 млн за 5 раундов;2014;"оценка агрегатора Latka: $83 млн ARR за 2024; не раскрыта компанией";https://pitchbook.com/profiles/company/122957-92 https://nationalmortgageprofessional.com/news/fintech-unicorn-nashville;частично: агрегаторы и пресс-релизы, не первоисточник;"это Built Technologies — ПО для кредитования строительства; сокращение штата с 2023 года | сайт getbuilt.com — предположение: при автоматической загрузке ответ 403, содержимое не проверено | этапы — оценка по описанию | этапы распределены из бывшего сквозного слоя (оценка)";
cotality;Cotality (бывш. CoreLogic);;cotality.com;крупный вендор;данные и аналитика по недвижимости;S0;S8b;данные;"инвестор/собственник; кредитор";данные о недвижимости;н/д;US;штаб;;Irvine;США;5 100 (данные 2019, устарели);"частная компания (владельцы Stone Point и др.); раундов нет";н/д;2010 (по Википедии, как CoreLogic Inc.);"$1,762 млрд за 2019 (последние найденные данные; тогда — публичная компания)";https://en.wikipedia.org/wiki/Cotality https://www.stonepoint.com/company/cotality/ https://cotality.com (сайт загружен 02.10.2026);частично: агрегаторы и пресс-релизы, не первоисточник;"крупная действующая компания | переименована из CoreLogic в 2025; данные о выручке и штате устарели | этапы — оценка по описанию";
3d-repo;3D Repo;;3drepo.com;продукт;BIM-коллаборация и отслеживание замечаний;S3;S6a;данные;проектировщик;BIM-коллаборация и замечания;н/д;UK;штаб;;London;Великобритания;н/д;Series A, £2,3 млн, 2020 (ведущий инвестор Ingenious);$3,0 млн за 1 раунд (агрегатор);2014 (выделена из UCL);не раскрыта;https://en.wikipedia.org/wiki/3D_Repo https://startupintros.com/orgs/3d-repo;частично: агрегаторы и пресс-релизы, не первоисточник;в марте 2023 приобретена Asite (тоже в списке) — самостоятельным продуктом, возможно, не является | этапы — оценка по описанию;
academa;Academa;;academa.si;кастомная разработка (инженерные расчёты);разработка инженерного ПО;S3;;;"проектировщик; подрядчик";расчёты конструкций (мосты);н/д;EU;штаб;;Ljubljana;Словения;н/д;н/д (частная компания);н/д;1992;не раскрыта;https://www.academa.si/en/about.html https://en.wikipedia.org/wiki/Academa;частично: агрегаторы и пресс-релизы, не первоисточник;"тип и этап неясны — проверить | по описанию на сайте — заказное инженерное ПО (расчёты предварительно напряжённых мостов для словенских строителей); не стартап | этапы — оценка по описанию";
aec-on;AEC-ON;;aec-on.com;консалтинг/инжиниринг;"BIM/CDE-консалтинг; партнёр Bentley и RIB";S3;;данные;"проектировщик; генподрядчик";BIM-консалтинг;Испания (сайт AECon España);ES;текст;;н/д;Испания;н/д;н/д;н/д;н/д;не раскрыта;https://www.aec-on.com/;частично: агрегаторы и пресс-релизы, не первоисточник;"услуги, не продукт | по сайту: партнёр Bentley (Synchro 4D) и RIB Spain (Presto); ПО, консалтинг, обучение по BIM/CDE/цифровым двойникам | этапы — оценка по описанию";
aectual;Aectual;;aectual.com;продукт;3D-печать строительных элементов;S6;S6c;;генподрядчик;заводское производство;н/д;NL;штаб;;Amsterdam;Нидерланды;н/д;$1,8 млн от AKEF, DOEN Participations и др. (дата не подтверждена);$1,8 млн + €0,5 млн гранта ERDF;2017;не раскрыта;https://3dprintingindustry.com/news/aectual-receives-1-8-million-sustainable-xl-3d-printing-construction-129224/ https://www.crunchbase.com/organization/aectual;частично: агрегаторы и пресс-релизы, не первоисточник;по описанию: 3D-печать полов, стен, интерьерных элементов — производство элементов отделки, а не несущих конструкций | этапы — оценка по описанию;
ai-bob;AI-BOB;;aibob.io;продукт;BIM + AI-платформа;S3;S4;комплаенс;проектировщик;проверка проекта на соответствие нормам в BIM;Швеция;EU;текст;;н/д;Швеция;н/д;н/д (инвестор Capital T);н/д;н/д;не раскрыта;https://tech.eu/2025/10/21/meet-ai-bob-the-swedish-startup-bringing-ai-powered-compliance-to-the-construction-industry/ https://www.aibob.io/;частично: агрегаторы и пресс-релизы, не первоисточник;"домен помечен «проверить» | домен ai-bob.com из списка не подтверждён, найден aibob.io; по описанию — проверка соответствия нормам внутри BIM-модели (плагин для Revit), а не общая BIM-платформа — этапы перекодированы";
alloovium;Alloovium;;alloovium.com;продукт;интеллект документов: контракты, спецификации, комплаенс-записи, переписка;S6;S7;комплаенс;генподрядчик;документы и контракты;"крупные коммерческие и инфраструктурные проекты; заявлены проекты в Австралии на A$400 млн";OTHER;текст;;San Francisco;США;5 (агрегатор);Посевной раунд, $700 тыс., 2026 (Y Combinator, Startmate);$584 тыс.–$700 тыс. (источники расходятся);2026 (на полную занятость перешли в дек. 2025);не раскрыта;https://www.ycombinator.com/companies/alloovium https://www.constructionindustry.ai/product/alloovium-yc-construction-compliance-document-intelligence/;частично: агрегаторы и пресс-релизы, не первоисточник;совсем ранняя компания | этапы — оценка по описанию | этапы распределены из бывшего сквозного слоя (оценка);
amrax-metaroom;Amrax (Metaroom);;amrax.ai;продукт;3D-сканирование для стройки и архитектуры;S2;S6b;;"проектировщик; генподрядчик";сканирование;"Австрия, США; клиенты — Siemens, Autodesk, RELUX, Zumtobel (заявление компании)";"US; EU";текст;;Salzburg;Австрия;н/д;н/д (инвестор ArborEleven Ventures);н/д;2020 (апрель);не раскрыта;https://amrax.ai/who-we-are/ https://www.siemens.com/en-us/ecosystem/metaroom-by-amrax/;частично: агрегаторы и пресс-релизы, не первоисточник;"домен помечен «проверить» | юридическое лицо — Synthetic Dimension GmbH; домен metaroom.ai из списка не подтверждён, найден amrax.ai; сканирование смартфоном в BIM (scan-to-BIM) | этапы — оценка по описанию";
arbnco;arbnco;;arbnco.com;продукт;симуляция энергоэффективности зданий;S8a;S3;;"проектировщик; собственник";энергоэффективность действующих зданий: IoT и аналитика;Великобритания, США (офисы в Калифорнии и Мичигане);"US; UK";текст;;Glasgow;Великобритания;от 37 до 51–200 (разные источники и даты);"н/д (инвестор Deepbridge Capital; грант $341 тыс., янв. 2021)";н/д;2015 (по другим источникам — 2012);не раскрыта;https://www.crunchbase.com/organization/arbnco-limited https://scottishbusinessnews.net/arbnco-named-as-fastest-growing-business-in-scotland/;частично: агрегаторы и пресс-релизы, не первоисточник;этапы перекодированы: по описанию компании оптимизирует работу действующих коммерческих зданий (IoT, аналитика), а не только симулирует проект;
archilabs;ArchiLabs;;archilabs.ai;продукт;AI/операционная система проектов для проектирования дата-центров, автоматизация архитектурных процессов;S3;;;проектировщик;проектирование дата-центров;н/д;US;штаб;;Houston;США;н/д;"участник Y Combinator (по агрегатору, дек. 2024); сумма и условия финансирования не подтверждены";н/д;2024;не раскрыта;https://www.ycombinator.com/companies/archilabs https://www.crunchbase.com/organization/archilabs;частично: агрегаторы и пресс-релизы, не первоисточник;"чат-интерфейс внутри Revit: исполняет команды в BIM-модели; начинают с дата-центров. Не путать с Architect Labs (проектирование чипов) | этапы — оценка по описанию";
asite;Asite;;asite.com;продукт;облачная общая среда данных (CDE);S6;"S3; S7";данные;"генподрядчик; проектировщик";платформа со средой общих данных (CDE);Великобритания, США, Саудовская Аравия, ОАЭ, Австралия, Китай, Индия;"US; UK; ES; NL; EU; OTHER";глобальная;да;London;Великобритания;326–548 (источники расходятся);"не привлекала внешних денег (по агрегатору; самофинансирование)";н/д;2001;"$13,6 млн за 2019 (оценка Latka) и $115,7 млн (другой агрегатор) — расходятся на порядок, слабые оценки; не раскрыта";https://www.cbinsights.com/company/asite https://getlatka.com/companies/asite;частично: агрегаторы и пресс-релизы, не первоисточник;"в 2023 купила 3D Repo; зрелая компания — не стартап | этапы — оценка по описанию | этапы распределены из бывшего сквозного слоя (оценка) | глобальная: офисы в США, Саудовской Аравии, ОАЭ, Австралии, Китае, Индии";
atom-modular;Atom Modular;;atom-modular.com;строитель/застройщик;модульное строительство;S6;S6c;;застройщик;модульное строительство;н/д;US;штаб;;Avondale, AZ;США;н/д;н/д;н/д;2019;не раскрыта;https://www.atom-modular.com/about;частично: агрегаторы и пресс-релизы, не первоисточник;"домен помечен «проверить»; строительная компания, не софт | домен из списка (atommodular.com) не подтверждён, найден atom-modular.com; завод модульных микродомов в Аризоне; основатель — архитектор с 30-летним стажем | этапы — оценка по описанию";
augment;Augment;;augment.lu;продукт;цифровизация управления недвижимостью и объектами;S8a;;;управляющая компания;управление объектами;управляющие коммерческой недвижимостью и эксплуатирующие организации (Люксембург);EU;текст;;Luxembourg;Люксембург;н/д;ранняя стадия: $49,1 тыс. и грант Министерства экономики Люксембурга (янв. 2022);$49,1 тыс. (агрегатор);2019 (июль);не раскрыта;https://augment.lu/about https://www.siliconluxembourg.lu/augment-brings-facility-management-into-the-digital-era/;частично: агрегаторы и пресс-релизы, не первоисточник;"домен помечен «проверить» | микро-компания; оцифровывает объекты лазерным сканированием и дронами | этапы — оценка по описанию";
autodesk;Autodesk;офис для Испании, Португалии, Греции, Кипра;autodesk.com;крупный вендор;вендор ПО для проектирования и стройки (офис региона);S3;"S6a; S8a; S0; S5";данные;"проектировщик; генподрядчик";проектирование и управление стройкой (Revit, Autodesk Forma — ранее Construction Cloud);н/д;"US; UK; ES; NL; EU; OTHER";глобальная;да;н/д;н/д;"около 14 300 на 31.01.2026 (по результатам поиска; в сообщении компании не подтверждено)";публичная компания (NASDAQ: ADSK);н/д;н/д;$7 206 млн за финансовый 2026 год (+18%);https://investors.autodesk.com/news-releases/news-release-details/autodesk-inc-announces-fiscal-2026-fourth-quarter-results https://www.sec.gov/Archives/edgar/data/769397/000076939726000015/adsk-20260131.htm https://www.sec.gov/Archives/edgar/data/769397/000076939726000010/q426pressrelease.htm https://adsknews.autodesk.com/en/news/autodesk-construction-cloud-is-now-autodesk-forma/;да: первоисточник открыт 02.10.2026 (сообщение об итогах финансового 2026 года в форме 8-K);"в списке — региональный офис; в реестре — вся компания | этапы — оценка по описанию | глобальная: присутствие в Америке, Европе и Азиатско-Тихоокеанском регионе (по обзору рынка) | численность 14 300 в сообщении не подтверждена (в нём нет данных о штате) | правка 06.10.2026: Construction Cloud переименован в Autodesk Forma 24.03.2026 (сообщение компании открыто); S5 — по тендерному инструменту BuildingConnected в Forma (там же); S0 — Forma Site Design, страница не открылась (403), по фактчеку";
bandora;Bandora;;bandorasystems.com;продукт;proptech;S8a;;;н/д;ИИ-оптимизация систем отопления и вентиляции в коммерческих зданиях;н/д;EU;штаб;;Porto;Португалия;н/д;Посевной раунд, $1,64 млн, 07.08.2024 (ведущий инвестор BlueCrow);н/д;2017;не раскрыта;https://www.portugalventures.pt/en/portfolio/bandora/ https://tracxn.com/d/companies/bandora/__MPKCAW433fkJ9yi3-qrc9e9YxKuhVgfxNinAmIki7E0 https://bandorasystems.com (сайт загружен 02.10.2026);частично: агрегаторы и пресс-релизы, не первоисточник;"домен помечен «проверить»; назначение неясно | bandora.io из списка — другая компания (система управления сайтами Bandora CMS); искомая — Bandora Systems, Порту; сайт не найден | этапы — оценка по описанию";
bentley-systems;Bentley Systems;объединены 3 строки списка: EMEA HQ, Bentley Systems Iberica (Испания), Bentley Systems UK (Лондон);bentley.com;крупный вендор;вендор ПО для инфраструктуры: MicroStation, ProjectWise, цифровые двойники;S3;"S2; S6a; S8a";данные;"проектировщик; владелец инфраструктуры";инженерное ПО для инфраструктуры, весь цикл;н/д;"US; UK; ES; NL; EU; OTHER";глобальная;да;Exton;США;около 5 800 (2025);публичная компания (NASDAQ: BSY);н/д;1984;"$1 501,8 млн за 2025 (+11,0%; +10,1% в постоянных курсах)";https://en.wikipedia.org/wiki/Bentley_Systems https://www.sec.gov/Archives/edgar/data/1031308/000103130826000007/bsy-20251231.htm https://investors.bentley.com/news-releases/news-release-details/bentley-systems-announces-fourth-quarter-and-full-year-2025;частично: текст сообщения компании об итогах 2025 в выдаче поиска (страница не открылась по таймауту);этапы — оценка по описанию | глобальная: офисы в США, Великобритании, Испании и регионе EMEA (по списку основателя);
bild-ai;Bild AI;;bild.ai;продукт;читает чертежи и спецификации, формирует ведомости дверей, экспорт в ERP;S5;"S5a; S3";;субподрядчик;обмер объёмов и сметы;США (выгрузка в ERP Comsense, Avaware, ProTech);US;текст;;н/д;н/д;н/д;Посевной раунд, $3,1 млн, 2025 (ведущий инвестор Khosla Ventures);$3,5 млн за 2 раунда;2024;не раскрыта;https://www.ycombinator.com/companies/bild-ai https://www.proptechbuzz.com/news/bild-construction-ai-funding;частично: агрегаторы и пресс-релизы, не первоисточник;"узкая ниша Division 8 (двери, окна), как и Fresco; заявлена точность моделей 95% и экономия времени — заявления компании | этапы — оценка по описанию";
bimcap;Bimcap;;bimcap.com;консалтинг/инжиниринг;BIM-аутсорсинг;S3;;;проектировщик;BIM-услуги;"Нидерланды, Гонконг, Саудовская Аравия; проекты гигантского масштаба";"NL; OTHER";текст;;Amsterdam;Нидерланды;51–200 (до 139 по другим источникам);н/д;н/д;2016;не раскрыта;https://www.crunchbase.com/organization/bimcap https://www.datanyze.com/companies/bimcap/403029876;частично: агрегаторы и пресс-релизы, не первоисточник;услуги, не продукт | штаб: Амстердам по одним источникам, Гонконг по LinkedIn — расходятся | этапы — оценка по описанию;
boxcore;Boxcore;;boxcore.com;продукт;приложение по безопасности для стройки;S6;S6d;;генподрядчик;охрана труда;"Ирландия, Великобритания, США, ЕС; применялся на 1 100+ проектах (заявление компании)";"US; UK; EU";текст;;Dublin;Ирландия;н/д;внешних денег не привлекала (поддержка Enterprise Ireland);$0;2021;не раскрыта;https://www.boxcore.com/who-we-are/ https://tracxn.com/d/companies/boxcore/__4JoRQ3gpcinJemu2AkhmzJ9Xp6DtQqRM9jPhnbkcLyw;частично: агрегаторы и пресс-релизы, не первоисточник;"в списке указан домен boxcore.co, найден boxcore.com; 40 000+ профилей рабочих (заявление компании) | этапы — оценка по описанию";
braincreators;BrainCreators;;braincreators.com;продукт;AI-инспекция инфраструктуры;S8a;;;владелец инфраструктуры;инспекции;н/д;NL;штаб;;Amsterdam;Нидерланды;около 27 (апрель 2026, агрегатор);"посевной раунд, дек. 2022; гранты ЕС и EIC Fund";$2,13 млн за 3 раунда (агрегатор);2016;не раскрыта;https://www.crunchbase.com/organization/braincreators https://www.iamsterdam.com/en/business/key-sectors-for-business/tech-and-ai/stories/braincreators;частично: агрегаторы и пресс-релизы, не первоисточник;"инспекция шире инфраструктуры: ИИ для визуальных проверок в разных отраслях; продукты INSPECH (дороги) и SEAGULL выделены в отдельные компании | этапы — оценка по описанию";
brick-and-bolt;Brick & Bolt;;bricknbolt.com;строитель/застройщик;сквозной цикл «проект-стройка»: планирование, строительство, отслеживание;S3;S6;;застройщик;проектно-строительная компания;Индия — вне заданной географии;OTHER;текст;;Bengaluru;Индия;616 (март 2026, агрегатор);Series A, $10 млн, 01.01.2023 (Accel, Celesta Capital, Foundamental);$24,1 млн за 7 раундов (агрегатор);2018;не раскрыта;https://www.crunchbase.com/organization/brick-bolt https://tracxn.com/d/companies/brickbolt/__RC03ZTNPrLOFukk8vCk0BREwWbQSgfUqUw2Yw4wQCdc;частично: агрегаторы и пресс-релизы, не первоисточник;"строительная компания с технологическим слоем, не чистый софт | найден по домену bricknbolt.com — это индийская компания (технологичные услуги жилищного строительства); вне заданной географии, в карту по рынкам не входит; лондонского Brick & Bolt поиск не показал | этапы — оценка по описанию";
cascade;Cascade;;usecascade.ai;продукт;AI-слой предсказаний и агенты для поиска проектов и подготовки заявок;S5;S0;;генподрядчик;поиск проектов и заявки;архитектурные, инженерные и строительные фирмы (аэропорты, больницы, дата-центры, электростанции);US;штаб;;New York;США;н/д;Посевной раунд, $3,5 млн, июль 2026 (ведущий инвестор a16z Speedrun);$3,5 млн;"н/д (основана бывшими сотрудниками Google; по части источников — в Лондоне)";не раскрыта;https://techcrunch.com/2026/07/22/cascade-raises-3-5m-to-help-construction-firms-find-and-win-projects/ https://thenextweb.com/news/cascade-3-5m-construction-pursuit-ai;частично: агрегаторы и пресс-релизы, не первоисточник;"отслеживает облигационные заявки, разрешения, сделки с недвижимостью и протоколы заседаний, чтобы найти проекты до объявления торгов; заявлено $10 млрд выявленных возможностей — заявление компании; штаб расходится между источниками (Нью-Йорк / Лондон) | этапы — оценка по описанию";
causeway;Causeway Technologies;;causeway.com;крупный вендор;ERP и коммерческое управление для стройки;S6;S5;финансы и страхование;генподрядчик;ERP и коммерческое управление подрядчика;н/д;UK;штаб;;н/д;Великобритания;"около 500 (502 на март; 500–1 000 по другому агрегатору)";"частная компания, поддержка частного капитала; раундов нет";н/д;1999;"£50–100 млн за 2024 (диапазон по агрегатору); другой агрегатор — $126 млн; не раскрыта компанией";https://pitchbook.com/profiles/company/59440-33 https://www.crunchbase.com/organization/causeway-technologies;частично: агрегаторы и пресс-релизы, не первоисточник;"зрелая компания, не стартап; город штаба не подтверждён | этапы — оценка по описанию | этапы распределены из бывшего сквозного слоя (оценка)";
cocrafter;CoCrafter;;cocrafter.com;продукт;B2B-площадка подбора подрядчиков и субподрядчиков;S5;S5c;;генподрядчик;торговая площадка подрядчиков;Германия;EU;текст;;Munich;Германия;около 7 (2024, агрегатор Latka);предпосевной раунд, $500 тыс., апр. 2024 (Y Combinator W24) — по другому источнику внешних денег нет;$0–0,5 млн (источники расходятся);2023;"$1,1 млн за 2024 (оценка агрегатора Latka); не раскрыта компанией";https://getlatka.com/companies/cocrafter.com https://beamstart.com/@cocrafter-17173751364034;частично: агрегаторы и пресс-релизы, не первоисточник;этапы — оценка по описанию;
continuum-industries;Continuum Industries;;continuumindustries.com;продукт;генеративное проектирование инфраструктуры;S3;S0;;"владелец инфраструктуры; проектировщик";проектирование инфраструктуры;линейная инфраструктура: трассы, кабели, трубопроводы (Великобритания, США);"US; UK";текст;;Edinburgh;Великобритания;"30–60 (источники расходятся; 43 в 2023)";Series A, $10 млн, сент. 2023 (ведущий инвестор Singular);$15,5 млн;2018;"оценка агрегатора Latka: $4,6 млн (2023); не раскрыта компанией";https://www.thesaasnews.com/news/continuum-industries-raises-10-million-in-series-a https://getlatka.com/companies/continuum.industries;частично: агрегаторы и пресс-релизы, не первоисточник;"продукт Optioneer — перебор вариантов трассы линейных объектов; последний известный раунд — 2023 | этапы — оценка по описанию";
converge;Converge;;converge.io;продукт;мониторинг бетона и цифровой двойник;S6;S6b;;генподрядчик;контроль хода и качества;н/д;UK;штаб;;London;Великобритания;75 (май 2026, агрегатор);Series B, около $22 млн (€19,4 млн), 2025 (ведущий инвестор ABN AMRO Sustainable Impact Fund);$40,8 млн за 3 раунда;2014;не раскрыта;https://www.eu-startups.com/2025/05/converge-a-london-based-startup-raises-e19-4-million-to-decarbonise-concrete-with-ai/ https://www.converge.io/about;частично: агрегаторы и пресс-релизы, не первоисточник;"датчики в бетоне и ИИ-прогноз набора прочности (ConcreteDNA); акцент на снижении выбросов при производстве бетона | этапы — оценка по описанию";
cype;CYPE Ingenieros;;cype.com;крупный вендор;BIM и расчётное ПО (CYPECAD);S3;;;проектировщик;расчёты конструкций и BIM;Испания и испаноязычные страны (по описанию);ES;текст;;Alicante;Испания;"246 (агрегатор Tracxn; другие оценки 51–100 и 201–500)";"частная компания; раундов нет";н/д;1983;"€6–15 млн (диапазон по агрегатору Iberinform) / $7,1 млн (другой агрегатор); не раскрыта";https://www.iberinform.es/empresa/859137/cype-ingenieros https://www.zoominfo.com/c/cype-ingenieros-sa/346869231 https://info.cype.com/es/software/cype-cost-estimator;частично: агрегаторы и пресс-релизы, не первоисточник;зрелая испанская компания — прямой интерес для рынка Испании | этапы — оценка по описанию;
devscope;DevScope;;devscope.net;кастомная разработка;"продуктовая разработка; клиенты в BI и инфраструктуре";н/д;;;н/д;;н/д;EU;штаб;;Porto;Португалия;51–200 (169 по другому источнику);куплена фондом Explorer Investments, 10.07.2023;н/д;2003;не раскрыта;https://tracxn.com/d/companies/devscope/__orzLhi24QRregQqwtB2zfZ9SyoZ_-eCbES8hNzD9wys https://www.crunchbase.com/organization/devscope;частично: агрегаторы и пресс-релизы, не первоисточник;"не специфично для AEC | партнёр Microsoft по Power Platform, данным и ИИ; не специфична для AEC | этапы — оценка по описанию";
disperse;Disperse;;disperse.io;продукт;AI-мониторинг хода стройки;S6;S6b;;генподрядчик;контроль хода и качества;н/д;UK;штаб;;London;Великобритания;100–152 (источники расходятся);"$16 млн (£14,9 млн), 2022 (ведущий инвестор 2150); в октябре 2025 поглощена OpenSpace";$31 млн за 2 раунда;2015;не раскрыта;https://www.constructiondive.com/news/disperse-contech-firm-ai-raises-16-million-funding/632740/ https://tracxn.com/d/companies/disperse/__sxMDaC-Uk2viNL8Mo36E2_GpubfA7ZY2OGyiaT5lRTI;частично: агрегаторы и пресс-релизы, не первоисточник;"по агрегатору поглощена OpenSpace в окт. 2025 — как самостоятельный продукт, возможно, больше не существует; проверить | этапы — оценка по описанию";OpenSpace
e-gloo;E-gloo;;e-gloo.biz;продукт (аппаратное устройство);цифровая документация для зданий;S7;S8a;;собственник;архив исполнительной документации на объекте;н/д;EU;штаб;;Hobscheid;Люксембург;н/д;н/д;н/д;н/д;не раскрыта;http://www.e-gloo.biz/ https://www.northdata.com/E-Gloo+Development+SA,+Hobscheid/B207337;частично: агрегаторы и пресс-релизы, не первоисточник;"домен помечен «проверить» | домен e-gloo.lu из списка не подтверждён, найден e-gloo.biz; по описанию — аппаратный «цифровой кирпич» для хранения исполнительной документации и руководства пользователя в технических помещениях здания; заявлено снижение стоимости владения на 9% за 30 лет — заявление компании | этапы — оценка по описанию";
elea-ic;ELEA iC;;elea.si;консалтинг/инжиниринг;BIM- и инжиниринг-консалтинг;S3;;;проектировщик;BIM-консалтинг;н/д;EU;штаб;;Ljubljana;Словения;более 100 (по сайту);н/д (частная инжиниринговая компания);н/д;1991;не раскрыта;https://www.elea.si/en/bim-modeling/ https://www.sloexport.si/en/company-card?ms=5522749;частично: агрегаторы и пресс-релизы, не первоисточник;"услуги, не продукт | проектирование мостов, тоннелей, дорог, геотехника, архитектура; BIM — одно из направлений; входит в группу iC | этапы — оценка по описанию";
evercam;Evercam;;evercam.io;продукт;AI-мониторинг стройплощадок, съёмка реальности;S6;S6b;;генподрядчик;контроль хода и качества;по описанию работает на шести континентах;"US; UK; ES; NL; EU; OTHER";широкий охват;;Dublin;Ирландия;около 151 (июль 2025, агрегатор);"€8,9 млн, окт. 2022 (ведущий инвестор Knocknagore Capital); позднее — венчурный долг €5 млн (Salica Investments)";н/д (€0,6 млн в 2020 + €8,9 млн + долг €5 млн — расчёт не делал, раунды могли быть пропущены);2010;не раскрыта;https://www.irishtimes.com/business/technology/evercam-to-double-headcount-after-600-000-fundraise-1.4435568 https://en.wikipedia.org/wiki/Evercam;частично: агрегаторы и пресс-релизы, не первоисточник;этапы — оценка по описанию;
fenestrapro;FenestraPro;;fenestrapro.com;продукт;BIM-плагин оптимизации фасадов;S3;;;проектировщик;проектирование фасадов;международные проектные фирмы (AECOM, Jacobs, HKS — по описанию);EU;штаб;;Dublin;Ирландия;н/д;н/д;н/д;2012–2013 (источники расходятся);не раскрыта;https://fenestrapro.com/about-us/ https://aecmag.com/sustainability/fenestrapro-facade-design-envelope-analysis/;частично: агрегаторы и пресс-релизы, не первоисточник;плагин к Revit для анализа теплотехники, естественного освещения и солнечных притоков фасада | этапы — оценка по описанию;
finch-buildings;Finch Buildings;;finchbuildings.com;строитель/застройщик;модульное и сборное строительство;S6;S6c;;застройщик;модульное строительство;Нидерланды (800+ квартир в готовых проектах — заявление компании);NL;текст;;Amsterdam;Нидерланды;н/д;посевной раунд, мар. 2024, сумма не раскрыта;"$1,19 млн за 2 раунда (агрегатор; возможно, занижено)";2014;не раскрыта;https://siliconcanals.com/amsterdams-finch-buildings-gets-funding/ https://finchbuildings.com/en/van-start-up-tot-gamechanger/;частично: агрегаторы и пресс-релизы, не первоисточник;строительная компания, не софт | деревянные (CLT) жилые модули для многоэтажной застройки | этапы — оценка по описанию;
flowmanual;FlowManual;;flowmanual.com;продукт;AI-платформа для смет, тендерных заявок и закупок;S5;"S5a; S5b";;генподрядчик;тендеры и сметы;н/д;US;штаб;;San Francisco;США;2 (агрегатор);"участник Y Combinator (набор S26); сумма и условия финансирования не подтверждены";н/д;2026;не раскрыта;https://www.ycombinator.com/companies/flowmanual https://yespress.io/flowmanual-yc-s26;частично: агрегаторы и пресс-релизы, не первоисточник;"совсем ранняя компания; сметы, торги и закупки для генподрядчиков и MEP-подрядчиков | этапы — оценка по описанию";
fresco;Fresco;;fresco-ai.com;продукт;AI takeoff и сметы для Division 8 (двери, рамы, фурнитура);S5;S5a;;субподрядчик;обмер объёмов и сметы;США: генподрядчики и субподрядчики по Division 8;US;текст;;San Francisco;США;н/д;н/д;н/д;2024 (Y Combinator F24);"оценка агрегатора Latka: $660 тыс. ARR за 2025; не раскрыта компанией";https://www.ycombinator.com/companies/fresco https://getlatka.com/companies/fresco-ai.com;частично: часть полей сверена с первоисточником 06.10.2026 (по фактчеку), остальное — агрегаторы;"узкая ниша | 3 000+ обработанных обмеров — заявление компании; прямой конкурент Bild AI | этапы — оценка по описанию | правка 06.10.2026: раунд $3,1 млн и сумма $3,5 млн убраны: страница Y Combinator (открыта) суммы не называет; те же цифры у Bild AI — возможное смешение двух компаний, не доказано";
fyld;Fyld;;fyld.ai;продукт;AI-оценка рисков для строительных бригад;S6;S6d;;генподрядчик;охрана труда;"крупная инфраструктура (энергетика, коммунальные сети); планы по США";US;текст;;London;Великобритания;71 (агрегатор);Series B, $41 млн (€34 млн), фев. 2026 (ведущий инвестор Energy Impact Partners);$79,5 млн;2020;"не раскрыта; рост 82% за 2025 (заявление компании)";https://techfundingnews.com/fyld-raises-41m-series-b-ai-infrastructure-frontline-workers/ https://www.eu-startups.com/2026/02/ai-field-operations-startup-fyld-lands-e34-million-for-its-london-based-frontline-intelligence-platform;частично: агрегаторы и пресс-релизы, не первоисточник;"бригады снимают короткие видео вместо форм, ИИ ищет риски по безопасности, качеству и срокам; заказчики — операторы инфраструктуры (30–40 тыс. полевых работников) | этапы — оценка по описанию";
gocontractor;GoContractor;входит в Xpertex;gocontractor.com;продукт;управление подрядчиками;S6;;комплаенс;генподрядчик;комплаенс подрядчиков;н/д;EU;штаб;;Dublin;Ирландия;н/д;куплена компанией Safety Plus, июль 2024;н/д;2012 (раньше называлась Initiafy);не раскрыта;https://www.businesswire.com/news/home/20240716973115/en/Safety-Plus-Announces-Acquisition-of-GoContractor-to-Drive-Innovation-Across-Workplace-Safety-and-Compliance https://safetyplus.io/what-is-gocontractor/;частично: агрегаторы и пресс-релизы, не первоисточник;"связь с Xpertex из списка поиском не подтверждена; по источникам принадлежит Safety Plus — как самостоятельный стартап не существует | этапы — оценка по описанию | этапы распределены из бывшего сквозного слоя (оценка)";
growin;Growin;;growin.com;кастомная разработка;разработка и консалтинг для клиентов из AEC;н/д;;;н/д;;н/д;EU;штаб;;Lisbon;Португалия;около 229 (июль 2026, агрегатор);н/д (ИТ-аутсорсинг, не венчурная компания);н/д;2014;не раскрыта;https://www.growin.com/about-us/ https://www.zoominfo.com/c/growin/372850887;частично: агрегаторы и пресс-релизы, не первоисточник;"услуги, не продукт | по описанию — ИТ-аутсорсинг разработки для международных клиентов; связь с AEC в найденном не подтверждена | этапы — оценка по описанию";
grupo-alava;Grupo Alava (Alava Ingenieros);;grupoalava.com;консалтинг/инжиниринг;инжиниринг и цифровизация;S3;S8a;;"проектировщик; собственник";инжиниринг;н/д;ES;штаб;;Madrid;Испания;130–144 (агрегаторы);н/д (частная инжиниринговая группа);н/д;1973;"$25,5–38,4 млн (источники расходятся); не раскрыта";https://www.cbinsights.com/company/alava-ingenieros https://www.zoominfo.com/c/alava-ingenieros-sa/372529881;частично: агрегаторы и пресс-релизы, не первоисточник;"по агрегаторам — промышленная автоматизация, мониторинг процессов, предиктивное обслуживание, телеком; отношение к AEC уточнить | этапы — оценка по описанию";
helonic;Helonic;;helonic.com;продукт;поиск коллизий между архитектурными, конструктивными и MEP-чертежами, черновики запросов (RFI);S3;S6a;;"проектировщик; генподрядчик";координация проектных разделов;н/д;US;штаб;;San Francisco;США;2 (агрегатор);н/д (Y Combinator F25);н/д;2025;не раскрыта;https://www.ycombinator.com/companies/helonic https://helonic.com/about;частично: агрегаторы и пресс-релизы, не первоисточник;"интеграции с Procore и Autodesk Construction Cloud (по сайту); проверяет чертежи на коллизии, нарушения норм, технологичность | этапы — оценка по описанию";
idom;IDOM;;idom.com;консалтинг/инжиниринг;инжиниринг и НИОКР по цифровым двойникам;S3;S8a;;"проектировщик; владелец инфраструктуры";инжиниринг;офисы в Америке, Азии, Африке, Европе, на Ближнем Востоке;"US; UK; ES; NL; EU; OTHER";вручную: офисы в Америке, Азии, Африке, Европе и на Ближнем Востоке;;Bilbao;Испания;около 5 400–5 700;н/д (частная инжиниринговая группа);н/д;1957;"около $952,6 млн (один агрегатор); другой — $1–10 млрд; не раскрыта";https://en.wikipedia.org/wiki/IDOM_(company) https://btw.media/all/company-stories/profiles/idom-global-engineering-consulting-and-architecture/;частично: агрегаторы и пресс-релизы, не первоисточник;крупная инжиниринговая компания — потенциальный клиент или партнёр, а не стартап | этапы — оценка по описанию;
inspectmind;InspectMind AI;;inspectmind.ai;продукт;AI-агент проверяет чертежи и ищет ошибки до переделок;S3;S4;;"проектировщик; генподрядчик";проверка проекта;н/д;US;штаб;;San Francisco;США;н/д;предпосевной раунд, $500 тыс., 01.03.2024 (Y Combinator W24);$0,5 млн;2023;не раскрыта;https://www.ycombinator.com/companies/inspectmind-ai https://startupintros.com/orgs/inspectmind-ai;частично: агрегаторы и пресс-релизы, не первоисточник;город штаба по описанию YC — не подтверждено | этапы — оценка по описанию;
karmen;Karmen;;karmenai.com;продукт;AI-планировщик: строит и обновляет график из проектных документов;S6;"S5; S6a";;генподрядчик;график и управление проектом;н/д;US;штаб;;н/д;США;н/д;предпосевной раунд, $500 тыс. (Y Combinator F24);$0,5 млн;2024;не раскрыта;https://www.ycombinator.com/companies/karmen https://www.extruct.ai/hub/karmenai-com-funding/;частично: агрегаторы и пресс-релизы, не первоисточник;"строит базовый график из проектных документов и обновляет; также автоматизирует согласование счетов, запросы RFI, изменения | этапы — оценка по описанию";
kodehyve;Kodehyve;;kodehyve.com;продукт;B2B-платформа управления девелоперскими проектами;S6;"S8b; S0";;застройщик;управление проектом застройщика: CRM по продажам, финансовый анализ;"Люксембург; выход в Лондон (2021)";EU;текст;;Luxembourg;Люксембург;н/д;"€2,6 млн, 2022 (частный капитал); посевной раунд €1 млн, 2021";€3,6 млн ($3,78 млн по агрегатору);2020 (май);не раскрыта;https://www.eu-startups.com/2022/11/exclusive-look-luxembourg-based-kodehyve-bags-e2-6-million-to-make-real-estate-more-collaborative/ https://tech.eu/2021/06/07/luxembourg-based-proptech-kodehyve-raises-e1-million-in-seed-round/;частично: агрегаторы и пресс-релизы, не первоисточник;этапы перекодированы по описанию: управление девелоперским проектом, CRM и финансы застройщика — ближе к продажам и управлению проектом, чем к стройплощадке;
lobo;Lobo;;lobostudio.es;консалтинг/инжиниринг;3D-визуализация для застройщиков и архитекторов;S3;S8b;;"проектировщик; застройщик";архитектурная визуализация (услуга студии);Испания: застройщики элитной жилой недвижимости и гостиничного сектора;ES;текст;;Barcelona;Испания;н/д;н/д (частная студия);н/д;2017;не раскрыта;https://www.lobostudio.es/en/about-us/ https://architizer.com/firms/lobo-studio/;частично: агрегаторы и пресс-релизы, не первоисточник;"домен помечен «проверить» | домен lobo3d.com из списка не подтверждён, найдена студия Lobo Studio (lobostudio.es; офисы в Барселоне, Мадриде, Малаге) — совпадение с компанией основателя не доказано; 55 000+ изображений для 3 700+ клиентов — заявление студии; это услуга, не продукт | этапы — оценка по описанию";
mx3d;MX3D;;mx3d.com;продукт;роботизированная 3D-печать металлом;S6;S6c;;генподрядчик;заводское производство;н/д;NL;штаб;;Amsterdam;Нидерланды;41–200 (источники расходятся);Series A, €7 млн, май 2025 (ведущий инвестор EDF Pulse Ventures);около €11,2 млн (€0,6 + €1,3 + €2,3 + €7,0 млн — расчёт по данным агрегатора);2014–2015 (источники расходятся);не раскрыта;https://mx3d.com/mx3d-secures-e7-million-to-accelerate-global-growth-in-robotic-metal-3d-printing/ https://app.dealroom.co/companies/mx3d;частично: агрегаторы и пресс-релизы, не первоисточник;"по одному агрегатору куплена Amazon в апреле 2026 — не подтверждено вторым источником; проверить | этапы — оценка по описанию";
nomoko;Nomoko;;nomoko.world;продукт;платформа цифровых двойников для градостроительства;S0;S2;;"муниципалитет; застройщик";цифровой двойник города;н/д;EU;штаб;;Zürich;Швейцария;11–50 (агрегатор);н/д;н/д;2015;не раскрыта;https://www.geoweeknews.com/news/nomoko-is-building-a-cm-accuracy-digital-twin-of-the-world-and-a-platform-to-help-you-use-it https://www.linkedin.com/company/nomoko/;частично: агрегаторы и пресс-релизы, не первоисточник;"цифровые двойники по снимкам с дронов: здания, кварталы, города; ориентация на недвижимость | этапы — оценка по описанию";
optimuse;Optimuse;;optimuse.com;продукт;AI для строительства;S3;"S9; S8a";;н/д;предпроектная подготовка реновации зданий: цифровой двойник, энергомодель, смета;крупные компании-владельцы недвижимости в Европе;EU;текст;;Vienna;Австрия;11–50 (агрегатор);посевной раунд, более €4 млн, 2025 (Seed + Speed, Blum Ventures);н/д (более €4 млн в посевной раунд);2020 (28 сентября);не раскрыта;https://www.optimuse.com/en/about-us https://www.crunchbase.com/organization/optimuse;частично: агрегаторы и пресс-релизы, не первоисточник;"домен помечен «проверить»; назначение неясно | назначение уточнено: помощь на предпроектной стадии реновации здания";
opusense;Opusense AI;;opusense.com;продукт;формирует отчёты инспекций из голоса, фото и наблюдений на площадке;S6;"S6b; S7";;генподрядчик;контроль хода и качества;"инспекторы строительных работ; вне заданной географии по штабу";OTHER;штаб;;Toronto;Канада;н/д;посевной раунд, $500 тыс., июнь 2025 (Y Combinator, Scale Asia Ventures);$0,5 млн;2024;не раскрыта;https://www.ycombinator.com/companies/opusense-ai https://www.crunchbase.com/organization/opusense-ai;частично: агрегаторы и пресс-релизы, не первоисточник;штаб в Торонто — вне заданной географии, но рынок продукта может быть шире | этапы — оценка по описанию;
permitify;Permitify;;permitify.com;продукт;AI-проверка планов на соответствие нормам в муниципалитетах;S4;;;"муниципалитет; проектировщик; застройщик; домостроитель";предварительная проверка проекта перед подачей и проверка для городов;н/д;US;штаб;;San Francisco;США;н/д;предпосевной раунд, $500 тыс. (Y Combinator, Unpopular Ventures);$0,5 млн;2024;не раскрыта;https://www.ycombinator.com/companies/permitify https://datadrivenaec.com/tools/permitify;частично: агрегаторы и пресс-релизы, не первоисточник;"по описанию два продукта: предварительная проверка за $297 для проектировщиков и застройщиков и 24-часовая проверка для домостроителей; также ориентируется на городских проверяющих — роль клиента шире, чем «муниципалитет» | этапы — оценка по описанию";
planetverify;PlanetVerify;;planetverify.com;продукт;верификация строительной рабочей силы;н/д;;комплаенс;генподрядчик;проверка персонала;по описанию — аренда жилья, недвижимость, кадры, телеком, профессиональные услуги;EU;штаб;;Dublin;Ирландия;12 (агрегатор);посевной раунд, $250 тыс., 2022 (Newchip Accelerator и др.);$283 тыс. за 2 раунда;2013;"оценка агрегатора Latka: $1,3 млн ARR за 2025; не раскрыта компанией";https://www.crunchbase.com/organization/planetverify https://getlatka.com/companies/planetverify.com;частично: агрегаторы и пресс-релизы, не первоисточник;"этапы перекодированы: по описанию это проверка личности и документов для разных отраслей, а не специфично для стройки; метка основателя «верификация для строительной рабочей силы» не подтверждена | этапы распределены из бывшего сквозного слоя (оценка)";
planradar;PlanRadar;объединены 2 строки списка: найм в Мадриде и Лондоне;planradar.com;продукт;SaaS управления стройкой;S6;"S6b; S7; S8a";;генподрядчик;дефекты, инспекции и документы на площадке;более 75 стран, 170 000+ пользователей (заявление компании);"US; UK; ES; NL; EU; OTHER";глобальная;да;Vienna;Австрия;около 437 (2026, агрегатор), было 203 в 2022;Series B, $69–70 млн, янв. 2022;$131,6 млн за 4 раунда;2013;"оценка агрегатора Latka: $32,1 млн ARR за 2024 (было $19,9 млн в 2022); не раскрыта компанией";https://www.finsmes.com/2022/01/planradar-raises-69m-in-series-b-funding.html https://getlatka.com/companies/planradar;частично: агрегаторы и пресс-релизы, не первоисточник;"отслеживание дефектов, BIM, инспекции и отчётность; растёт в Испании и Великобритании (найм в Мадриде и Лондоне — по списку основателя) | этапы — оценка по описанию | глобальная: 170 000+ пользователей в 75+ странах (заявление компании)";
procore;Procore Technologies;объединены 2 строки списка: EMEA hub и второй EMEA-офис;procore.com;крупный вендор;платформа управления строительством;S6;"S5; S6a";финансы и страхование;генподрядчик;платформа управления строительством;"глобальный; EMEA hub (по списку основателя)";"US; UK; ES; NL; EU; OTHER";глобальная;да;Carpinteria;США;"4 421 штатный сотрудник на конец 2025 (+5%); 17 850 клиентов";публичная компания (NYSE: PCOR);н/д;2002;$1 323 млн за 2025 (+15% к предыдущему году);https://www.procore.com/press/procore-announces-fourth-quarter-and-full-year-2025-financial-results https://www.sec.gov/Archives/edgar/data/1611052/000162828026011055/pcor-20251231.htm https://investors.procore.com/news/news-details/2026/Procore-Announces-Fourth-Quarter-and-Full-Year-2025-Financial-Results/default.aspx;да: первоисточник открыт 02.10.2026 (пресс-релиз об итогах 2025 на сайте для инвесторов);"этапы — оценка по описанию | глобальная: платформа в нескольких регионах, EMEA-офисы; более 2 млн пользователей (заявление компании)";
q-bot;Q-Bot;;q-bot.co;продукт;робототехника для ретрофита зданий;S9;S6c;;"собственник; жилищная организация";ретрофит;Великобритания: ретрофит жилья (E.ON — партнёр);UK;текст;;London;Великобритания;55 (по прессе);"£3,5 млн, сент. 2023 (ведущий инвестор EMV); ранее £1,6 млн, 2022";"около £5,1 млн (£1,6 + £3,5 млн — расчёт; более ранние раунды не учтены)";2012;не раскрыта;https://www.eu-startups.com/2023/09/london-based-q-bot-raises-e4-million-to-transform-the-built-environment-with-robotics-and-ai/ https://constructionmanagement.co.uk/q-bot-the-past-present-and-future-of-the-insulating-robot/;частично: агрегаторы и пресс-релизы, не первоисточник;"робот напыляет утеплитель под полом; 3 000+ домов утеплено — заявление компании | этапы — оценка по описанию";
rated-power;Rated Power;;ratedpower.com;продукт;AI-софт для проектирования солнечных станций;S3;;;проектировщик;проектирование энергообъектов;"проектировщики и девелоперы солнечных электростанций; 1,3 тыс. клиентов (оценка агрегатора)";ES;штаб;;Madrid;Испания;около 138 (2026, агрегатор);"Series A, €5,2 млн, окт. 2021 (ведущий инвестор Seaya Ventures); в сентябре 2022 куплена Enverus";$8,58 млн;2017;"оценка агрегатора Latka: $21 млн; не раскрыта компанией";https://www.eu-startups.com/2021/10/ratedpower-scores-e5-2-million-to-boost-the-digitalization-of-the-solar-industry-and-become-the-saas-suite-of-renewables/ https://getlatka.com/companies/ratedpower;частично: агрегаторы и пресс-релизы, не первоисточник;"энергетика, а не здания | по агрегатору принадлежит Enverus с 2022 — не независимый стартап; энергетика, не здания | этапы — оценка по описанию";
rudus;Rudus;;rudus.ai;продукт;AI takeoff и оценка объёмов бетонных конструкций;S5;S5a;;субподрядчик;обмер объёмов и сметы;н/д;US;штаб;;San Francisco;США;2 (агрегатор);н/д (Y Combinator, весна 2026);н/д;2026;не раскрыта;https://www.ycombinator.com/companies/rudus https://www.extruct.ai/hub/rudus-ai/;частично: агрегаторы и пресс-релизы, не первоисточник;"только бетонные работы (фундаменты, стены, колонны, плиты); цель — субподрядчики по бетону; не путать с финской Rudus Oy | этапы — оценка по описанию";
scoreboard-ai;Scoreboard.ai;;scoreboardai.net;продукт;оценка стоимости работ;S5;S5a;;н/д;разбор объёма работ по чертежам и спецификациям для субподрядных договоров;н/д;;нет данных;;н/д;н/д;н/д;н/д;н/д;н/д;не раскрыта;https://scoreboardai.net/terms https://bbradar.com/demos/scoreboard-ai;частично: агрегаторы и пресс-релизы, не первоисточник;"метка основателя совпадает с меткой Speckle — проверить на копирование | метка основателя «оценка стоимости работ» не подтверждается: по описанию сервис ищет пробелы в объёме работ в чертежах и спецификациях и пишет формулировки для субподрядов, не считает стоимость; та же метка стояла у Speckle — вероятно, ошибка копирования; цена — $5 за лист чертежей (генподрядчики) и $2 (узкие подрядчики), $0,10 за лист спецификации | этапы — оценка по описанию";
smart-bricks;Smart Bricks;;smart-bricks.com;продукт;агентный AI для андеррайтинга и портфельных решений в недвижимости;S0;S1;;инвестор/собственник;инвестиционная аналитика;"глобальные инвестиции в недвижимость; вне заданной географии по штабу";OTHER;штаб;;Dubai;ОАЭ;н/д;предпосевной раунд, $5 млн, фев. 2026 (ведущий инвестор a16z Speedrun);$5 млн;2024;не раскрыта;https://techcrunch.com/2026/02/10/proptech-startup-smart-bricks-raises-5-million-pre-seed-in-round-led-by-a16z/ https://siliconangle.com/2026/02/10/vcs-back-smart-bricks-plan-automate-real-estate-investing-ai-agents/;частично: агрегаторы и пресс-релизы, не первоисточник;инвестиции в готовую недвижимость, к стройке отношения почти не имеет | этапы — оценка по описанию;
speckle;Speckle;;speckle.systems;продукт;хаб данных для AEC (обмен моделями и данными);S3;S6;данные;проектировщик;платформа обмена данными моделей и проектов;н/д;UK;штаб;;London;Великобритания;11–50 (агрегатор);Series A, $12,5 млн (£9,6 млн), окт. 2024 (ведущий инвестор Addition);"н/д (раунд A $12,5 млн; более ранние раунды не суммированы)";2020 (январь);не раскрыта;https://speckle.systems/blog/speckle-raises-12-5-million-to-build-the-first-aec-data-hub/ https://www.uktechnews.info/2024/10/15/aec-systems-ltd-t-a-speckle-secures-9-6-million-series-a-investment-led-by-addition/;"частично: пресс-релиз компании; метка основателя исправлена";метка основателя «оценка стоимости работ» не подтверждается ссылкой: по URL ссылки речь о раунде $12,5 млн на хаб данных AEC — исправлено | этапы — оценка по описанию | этапы распределены из бывшего сквозного слоя (оценка);
spotr;Spotr;;spotr.ai;продукт;AI-инспекция зданий;S8a;S6b;;"собственник; управляющая компания";инспекции;н/д;NL;штаб;;The Hague;Нидерланды;н/д;"Series A, €4,5 млн, 2024 (ведущий инвестор EDF Pulse Ventures); посевной раунд €2,5 млн, 2021";$7,93 млн за 2 раунда (агрегатор);2015;не раскрыта;https://www.innovationquarter.nl/en/spotr-ai-investment/ https://www.onlinemarketplaces.com/articles/property-inspection-startup-spotr-ai-raises-e4-5m/;частично: агрегаторы и пресс-релизы, не первоисточник;распознавание по снимкам со спутников, самолётов, дронов и автомобилей: обмеры и оценка состояния недвижимости | этапы — оценка по описанию;
standard-access;Standard Access;;н/д;продукт;IoT-платформа для застроенной среды;S8a;;;управляющая компания;IoT;н/д;;нет данных;;н/д;н/д;н/д;н/д;н/д;н/д;не раскрыта;https://www.uktech.news/news/london-iot-startup-infogrid-raises-11-5m-to-make-buildings-smart-20201202;нет: компания по названию в поиске не найдена;поиск по названию «Standard Access» компанию не нашёл — данные не подтверждены, домен standardaccess.co не открывался | этапы — оценка по описанию;
struck;Struck;;struck.eu;продукт;"AI-платформа комплаенса для стройки; прямая рифма с гипотезой svodpro-raschety";S4;S3;комплаенс;генподрядчик;нормы и комплаенс;Европа: архитекторы, застройщики, муниципалитеты;EU;текст;;Amsterdam;Нидерланды;около 22 (внешний профиль);посевной раунд, €2 млн, нояб. 2025 (ведущий инвестор Value Factory Ventures, Antler);около $2,3 млн (внешний профиль), последний раунд 06.11.2025;2024;не раскрыта;https://tech.eu/2025/11/06/struck-raises-eur2-million-to-simplify-building-compliance-with-ai/ https://siliconcanals.com/struck-exits-stealth-mode-with-250k/ http://struck.eu/;частично: агрегаторы и пресс-релизы, не первоисточник;"домен помечен «проверить»; связь с hypotheses/svodpro-raschety | домен struckcompliance.com из списка не подтверждён; по описанию — справочник применимых правил и (скоро) автоматическая проверка проекта на нормы и экологические требования | этапы — оценка по описанию | этапы распределены из бывшего сквозного слоя (оценка) | адрес struck.eu взят из отчёта Parallel (вместо неподтверждённого struckcompliance.com); заявления о сокращении времени проверки — отзывы клиентов на сайте, а не контролируемая оценка";
structured-ai;Structured AI;;getstructured.ai;продукт;AI QA/QC для PDF-чертежей и Revit-моделей;S3;;;проектировщик;проверка проекта;н/д;US;штаб;;New York;США;н/д;"посевной раунд, $4,2 млн, июнь 2026 (ведущий инвестор FCVC; Y Combinator F25)";$5 млн;н/д (YC Fall 2025);не раскрыта;https://getstructured.ai/blog/structured-ai-4-2m-seed-round/ https://startupintros.com/orgs/structured-ai;частично: пресс-релиз компании;этапы — оценка по описанию;
subvysion;SubVysion;;subvysion.com;продукт;роверы и компьютерное зрение: 3D-карты подземных коммуникаций;S2;S6;;"владелец инфраструктуры; генподрядчик";изыскания подземных коммуникаций;США: подрядчики по коммунальным сетям (первые объекты — Филадельфия, Техас);US;текст;;San Francisco;США;2 (агрегатор);н/д (Y Combinator, лето 2026);н/д;2026;не раскрыта;https://www.ycombinator.com/companies/subvysion https://aiforcrecollective.com/stories/subvysion-sends-autonomous-rovers-underground;частично: агрегаторы и пресс-релизы, не первоисточник;"георадар на автономных роверах; ущерб от повреждения подземных коммуникаций $30 млрд в год — заявление компании | этапы — оценка по описанию";
trunk-tools;Trunk Tools;;trunk.tools;продукт;AI для управления знаниями на стройплощадке;S6;S6a;;генподрядчик;знания и документы на площадке;н/д;;нет данных;;н/д;н/д;более 100;Series B, $40 млн, июль 2025 (ведущий инвестор Insight Partners);$70 млн за 3 раунда;2021;не раскрыта;https://siliconangle.com/2025/07/24/trunk-tools-raises-40m-revolutionize-how-construction-teams-interact-project-data/ https://www.enr.com/articles/61084-trunk-tools-nets-40m-in-funding-round-led-by-insight-partners-tech-firm-ceo-said;частично: агрегаторы и пресс-релизы, не первоисточник;ИИ-агенты по чертежам, спецификациям, графикам и согласованиям | этапы — оценка по описанию;
vellum;Vellum;;vellum.ink;продукт;генеративный анализ осуществимости для застройки;S0;S3;;застройщик;ТЭО и осуществимость;н/д;NL;штаб;;Amsterdam;Нидерланды;н/д;предпосевной раунд, $121 тыс., 17.04.2020 (Antler);"$0,12 млн (агрегатор; возможно, не полно)";н/д;не раскрыта;https://www.crunchbase.com/organization/vellum-ink https://pitchbook.com/profiles/company/493170-40;частично: агрегаторы и пресс-релизы, не первоисточник;"домен помечен «проверить» | домен vellumcompany.com из списка не подтверждён, найден vellum.ink; в выдаче есть другая компания Vellum (vellum.ai, платформа LLM) — не путать; данные о раундах давние (2020) | этапы — оценка по описанию";
viboo;viboo;;viboo.io;продукт;proptech/contech, IoT;S8a;;;управляющая компания;управление энергопотреблением и климатом зданий через IoT;"Швейцария; выход в Германию (2025)";EU;текст;;Zürich;Швейцария;н/д;"€3,3 млн, окт. 2025 (ведущий инвестор Realyze Ventures); дек. 2025 — инвестиция Rise PropTech Fund";н/д (€3,3 млн во втором раунде);2022;не раскрыта;https://www.eu-startups.com/2025/10/zurich-based-viboo-closes-e3-3-million-to-scale-ai-driven-building-management-in-germany/ https://viboo.io/en/blog;частично: агрегаторы и пресс-релизы, не первоисточник;"домен помечен «проверить»; назначение уточнить | заявлена средняя экономия энергии 27% — заявление компании | этапы — оценка по описанию";
wallround;WALLROUND;;wallround.com;продукт;proptech для строительства и недвижимости;S9;"S3; S5; S6";;"собственник; жилищная организация; институциональный инвестор";энергоэффективная реновация: от анализа объекта до исполнения и контроля качества;"Германия; частные арендодатели и институциональные инвесторы";EU;текст;;Berlin;Германия;н/д;посевной раунд, €4,2 млн (Vonovia и Founders Factory, совместная студия PropTech);€4,2 млн;2024;не раскрыта;https://www.startbase.com/news/wallround-sammelt-42-mio-euro-seed-ein/ https://proptechconnect.com/wallround-raises-from-vonovia-and-founders-factory-for-its-energy-efficient-home-renovation-platform/;частично: агрегаторы и пресс-релизы, не первоисточник;"домен помечен «проверить»; назначение неясно | этапы перекодированы по описанию в прессе: сквозная платформа реновации жилья; домен wallround.com не открывался";
xbuild;XBuild;;x.build;продукт;AI-сметы для кровельных работ и страхового восстановления, расчёт менее 15 минут;S5;"S5a; S9";;"субподрядчик; страховщик";обмер объёмов и сметы;"США: кровельные работы, фасады, водостоки; страховые случаи";US;текст;;н/д;США;н/д;"Series A, $19 млн, янв. 2026 (ведущий инвестор N47; Rackhouse Ventures, a16z)";н/д (раунд A $19 млн);2025 (запуск);"не раскрыта; обработано 15 000+ проектов на $250 млн объёма (заявление компании)";https://www.prnewswire.com/news-releases/xbuild-raises-19m-series-a-launches-ai-powered-residential-roofing-estimate-product-302664721.html https://fintech.global/2026/01/22/xbuild-raises-19m-to-scale-ai-estimating-platform/;частично: пресс-релиз компании;"основной спрос — страховые претензии по кровле; штаб по источникам не подтверждён | этапы — оценка по описанию";
xyz-reality;XYZ Reality;;xyzreality.com;продукт;AR/голографический BIM на площадке;S6;S6b;;генподрядчик;контроль хода и качества;"дата-центры, фармацевтические объекты, аэропорты; проекты на £1,5 млрд (заявление компании)";UK;штаб;;London;Великобритания;"около 337 (агрегатор; возможно завышено)";Series A, £20 млн, 2021 (ведущий инвестор Octopus Ventures);$34,5 млн за 2 раунда;2017;не раскрыта;https://www.xyzreality.com/newsroom/xyz-reality-closes-20m-funding-round-as-it-seeks-further-growth https://tracxn.com/d/companies/xyzreality/__StWa3iTUeRLiXvDKD_wnD5mae9wVzHXjocwU7W9fuyQ;частично: агрегаторы и пресс-релизы, не первоисточник;HoloSite: голограммы BIM-модели на площадке с точностью 5 мм (заявление компании) | этапы — оценка по описанию;
zerodays;Zerodays;;zerodays.dev;кастомная разработка;заказная разработка (не специфично для AEC);н/д;;;н/д;;н/д;EU;штаб;;Ljubljana;Словения;10 (агрегатор);н/д;н/д;2021;не раскрыта;https://www.zerodays.dev/en https://clutch.co/profile/zerodays;частично: агрегаторы и пресс-релизы, не первоисточник;"вне предметной области; домен помечен «проверить» | домен zerodays.io из списка не открывался, найден zerodays.dev; заказная разработка, не AEC | этапы — оценка по описанию";
zigurat;Zigurat Global Institute of Technology;;zigurat.com;образование;образование и венчурная студия вокруг BIM;н/д;;образование;проектировщик;образование;"онлайн-образование для архитектуры, инженерии и стройки; международно";ES;штаб;;Barcelona;Испания;н/д;н/д;н/д;2001;не раскрыта;https://www.e-zigurat.com/en/about-us/ https://www.e-zigurat.com/en/news/zigurat-celebrates-25-years-of-driving-the-digital-transformation-of-architecture-engineering-and-construction/;частично: агрегаторы и пресс-релизы, не первоисточник;"венчурная студия из описания основателя поиском не подтверждена; основатель начинал с обучения работе с CYPE | этапы — оценка по описанию | этапы распределены из бывшего сквозного слоя (оценка)";
zutec;ZuTec;;zutec.com;продукт;комплаенс и документация при сдаче объекта;S7;"S6; S8a";комплаенс;"генподрядчик; собственник";документы сдачи;Великобритания (соответствие закону о безопасности зданий Building Safety Act и «золотой нити» информации), Ирландия, Азия, Океания;"UK; EU; OTHER";текст;;н/д;н/д;около 82 (июль 2025, агрегатор);н/д;н/д;1999;не раскрыта;https://zutec.com/blog/20-years-of-supporting-the-construction-and-property-industries https://leadiq.com/c/zutec/5a1d8da65400005900743012 https://zutec.com/;частично: агрегаторы и пресс-релизы, не первоисточник;"четыре семейства решений: документы, качество, сдача объекта, эксплуатационные данные; штаб не подтверждён | этапы — оценка по описанию | правка 06.10.2026: добавлены S6 (среда общих данных, RFI, журнал, контроль качества и дефектов) и S8a (управление активами); основной S7 сохранён как редакторское решение; страница компании открыта";
trimble;Trimble;;trimble.com;крупный вендор;вендор: оборудование и ПО для стройки (Tekla, Viewpoint и др.);S6;"S2; S3; S6a";;"генподрядчик; проектировщик";комплексная платформа: измерения, проектирование, управление стройкой;н/д;"US; UK; ES; NL; EU; OTHER";глобальная;да;Westminster, CO;США;около 11 500 (2025);публичная компания (NASDAQ: TRMB);н/д;н/д;"$3 587,3 млн за 2025 (−3% к 2024; +6% без учёта сделок); годовая повторяющаяся выручка $2,39 млрд (+6%)";https://en.wikipedia.org/wiki/Trimble_Inc. https://www.reveliolabs.com/companies/trimble/employees/ https://news.trimble.com/2026-02-10-Trimble-Announces-Fourth-Quarter-and-Full-Year-2025-Results-and-Initiates-2026-Guidance;да: первоисточник открыт 02.10.2026 (сообщение об итогах 2025 года на сайте компании);добавлено для проверки пробелов | этапы — оценка по описанию | глобальная: присутствие в Северной Америке, Европе и Азии (по обзору рынка);
nemetschek;Nemetschek Group;;nemetschek.com;крупный вендор;вендор: Allplan, Graphisoft, Bluebeam и др.;S3;"S6a; S8a";данные;"проектировщик; генподрядчик";"проектирование и работа с чертежами (Allplan, Graphisoft, Bluebeam); эксплуатация (Spacewell, Crem Solutions)";н/д;"US; UK; ES; NL; EU; OTHER";глобальная;да;Munich;Германия;4 199–4 586 (2026, источники расходятся);публичная компания;н/д;1963;"€1,19 млрд за 2025, EBITDA €371,1 млн (по сообщению компании в выдаче поиска; документ не открывался)";https://www.nemetschek.com/sites/default/files/documents/NEM_AnnualReport_2025_EN.pdf https://en.wikipedia.org/wiki/Nemetschek https://www.nemetschek.com/en/solutions/manage-operate;"частично: годовой отчёт компании в выдаче поиска; цифры не сверены с документом";добавлено для проверки пробелов | этапы — оценка по описанию | глобальная: группа продаёт ПО в 160+ странах через Bluebeam и др. (заявление компании) | правка 06.10.2026: добавлена эксплуатация: в портфеле «Manage & Operate» Spacewell и Crem Solutions (страница компании открыта);Nemetschek
oracle-construction;Oracle Construction and Engineering;;oracle.com;крупный вендор;вендор: Aconex, Primavera;S6;"S6a; S0; S8a";данные;генподрядчик;управление графиком и проектами (Primavera, Aconex);н/д;"US; UK; ES; NL; EU; OTHER";глобальная;да;Austin;США;н/д по подразделению (агрегатор называет 10 001+ — это весь Oracle);подразделение публичной корпорации Oracle;н/д;"н/д (Oracle — 1977; Primavera и Aconex куплены позднее)";не выделена в отчётности;https://www.linkedin.com/showcase/oracle-construction-and-engineering/ https://en.wikipedia.org/wiki/BIW_Technologies https://www.oracle.com/construction-engineering/primavera-unifier-project-controls-asset-management/;частично: агрегаторы и пресс-релизы, не первоисточник;"добавлено для проверки пробелов | продукты: Primavera P6, Primavera Cloud, Unifier, Aconex, Textura; выручка подразделения отдельно не публикуется | этапы — оценка по описанию | глобальная: подразделение международной корпорации; один из пяти лидеров рынка (по обзору) | правка 06.10.2026: S0 и S8a добавлены: Primavera Unifier — планирование капитальных проектов и управление объектами и активами (страницы Oracle в выдаче поиска; сама страница подразделения не открылась, 403)";
rib-schneider;RIB Software (Schneider Electric);;rib-software.com;крупный вендор;вендор: сметы, 5D, управление строительством;S5;S6a;финансы и страхование;генподрядчик;сметы и управление;н/д;EU;штаб;;Stuttgart;Германия;н/д;куплена Schneider Electric в 2020 (оферта €1,4 млрд, сделка закрыта в июле 2020);н/д;н/д;не выделена;https://en.wikipedia.org/wiki/RIB_Software https://www.crunchbase.com/acquisition/schneider-electric-acquires-rib-software--6311b69c;частично: агрегаторы и пресс-релизы, не первоисточник;"добавлено; принадлежность проверить | принадлежность Schneider Electric подтверждена по нескольким источникам; штаб (Штутгарт) не подтверждён поиском; в Испании продукт RIB Spain — Presto (по описанию AEC-ON) | этапы — оценка по описанию";Schneider Electric
hexagon;Hexagon;;hexagon.com;крупный вендор;вендор: измерения, изыскания, цифровая реальность;S2;S6;;"проектировщик; генподрядчик";изыскания и измерения;н/д;"US; UK; ES; NL; EU; OTHER";глобальная;да;Stockholm;Швеция;около 24 500 в 50 странах;публичная компания;н/д;н/д;около €5,4 млрд (чистые продажи, все направления, не только строительство);https://hexagon.com/company/newsroom/press-releases/2026/hexagon-publishes-the-annual-report-and-sustainability-report-2025 https://en.wikipedia.org/wiki/Hexagon_AB;"частично: годовой отчёт в выдаче поиска; цифры не сверены с документом";добавлено для проверки пробелов | строительство — малая часть бизнеса (измерения, геодезия, промышленность) | этапы — оценка по описанию | глобальная: около 24 500 сотрудников в 50 странах;
fieldwire-hilti;Fieldwire (Hilti);;fieldwire.com;крупный вендор;управление задачами на стройплощадке;S6;S6b;;генподрядчик;управление на площадке;"США и страны, для которых на сайте есть страница контактов: Великобритания, Испания, Нидерланды, другие страны Европы, Австралия, Канада, Новая Зеландия; 1 млн+ проектов в 100 странах — заявление компании";"US; UK; ES; NL; EU; OTHER";текст;;San Francisco;США;н/д;куплена Hilti за около $300 млн, 2021;н/д;2013;не раскрыта;https://www.fieldwire.com/blog/hilti-acquires-fieldwire/ https://www.enr.com/articles/53015-hilti-acquires-startup-fieldwire-in-300m-deal https://www.fieldwire.com/country-information/;частично: часть полей сверена с первоисточником 06.10.2026 (по фактчеку), остальное — агрегаторы;"добавлено; принадлежность проверить | 1 млн+ проектов в 100 странах — заявление компании | этапы — оценка по описанию | правка 06.10.2026: география расширена по странице компании со странами (открыта); страница контактов не равна платным клиентам в стране";Hilti
buildertrend;Buildertrend;;buildertrend.com;крупный вендор;управление проектами для домостроителей;S6;S5;финансы и страхование;застройщик;управление проектом;"США: домостроители, ремонтные подрядчики, специализированные подрядчики; более 20 000 клиентов (агрегатор)";US;текст;;Omaha;США;700–817 (агрегаторы);частный капитал: Bain Capital, HGGC;н/д ($5 млн в апр. 2020 по агрегатору);2006;"$171,6 млн (оценка агрегатора, год не указан); $42,3 млн за 2021; не раскрыта компанией";https://getlatka.com/companies/buildertrend https://www.zoominfo.com/c/buildertrend/346966160;частично: агрегаторы и пресс-релизы, не первоисточник;"добавлено для проверки пробелов | этапы — оценка по описанию | правка 06.10.2026: S5 добавлен по фактчеку (сметы, тендеры, заказы поставщикам); сайт компании не открылся (403)";
togal-ai;Togal.AI;;togal.ai;продукт;AI takeoff по чертежам;S5;S5a;;субподрядчик;обмер объёмов и сметы;н/д;US;штаб;;Miami;США;27–59 (источники расходятся);"pre-Series A (SAFE) $5 млн при оценке $50 млн (инвесторы Impact46, Mubadala и др.); дата не подтверждена";$17,5 млн (агрегатор);2019;"оценка агрегатора Latka: $2,2 млн за 2023; не раскрыта компанией";https://pitchbook.com/profiles/company/433187-11 https://getlatka.com/companies/togal.ai;частично: агрегаторы и пресс-релизы, не первоисточник;добавлено: прямой конкурент кластера обмер объёмов | добавлена мной: прямой конкурент кластера обмер объёмов | этапы — оценка по описанию;
bluebeam;Bluebeam (Nemetschek);;bluebeam.com;крупный вендор;;S6;"S3; S5a; S6a";;"генподрядчик; проектировщик";работа с чертежами в PDF: разметка, обмеры, совместная работа;"160+ стран; более 4 млн пользователей в 350 000+ компаний (заявление компании)";"US; UK; ES; NL; EU; OTHER";глобальная;да;Pasadena;США;н/д;куплена Nemetschek за $100 млн, окт. 2014;н/д;2002;отдельно не выделена (входит в Nemetschek);https://www.bluebeam.com/company-profile/ https://en.wikipedia.org/wiki/Bluebeam_Software,_Inc.;частично: агрегаторы, пресс-релизы, сайт компании;универсальный инструмент работы с чертежами, на который ложатся стартапы по обмеру объёмов | этапы — оценка по описанию | глобальная: 160+ стран, 4 млн пользователей (заявление компании);Nemetschek
dodge;Dodge Construction Network;;construction.com;продукт;;S5;S0;;"генподрядчик; субподрядчик; производитель материалов";данные о планируемых проектах и заявки (project leads);США: коммерческое строительство;US;текст;;Boston;США;около 497–574 (агрегаторы);частный капитал: Clearlake Capital и Symphony Technology Group;н/д;1891 (история Dodge Reports);"оценки расходятся: $263 млн, $250–500 млн, более $500 млн; не раскрыта";https://leadiq.com/c/dodge-construction-network/615ef678990e636b3e9632b0 https://www.bbb.org/us/ma/boston/profile/construction-reports/dodge-construction-network-0021-560832;частично: агрегаторы, пресс-релизы, сайт компании;"штаб по профилю BBB; сайт не открывался | этапы — оценка по описанию";
dalux;Dalux;;dalux.com;продукт;;S6;"S3; S8a";данные;"генподрядчик; проектировщик; собственник";BIM на площадке: замечания, документы, обслуживание;пользователи в более чем 147 странах (заявление компании);"US; UK; ES; NL; EU; OTHER";глобальная;да;Copenhagen;Дания;более 750 (заявление компании, 06.10.2026);"внешних денег не привлекала; принадлежит основателям";н/д;2005;"оценка агрегатора Latka: $67,2 млн ARR за 2025; не раскрыта";https://www.dalux.com/about-dalux-2/ https://getlatka.com/companies/dalux.com https://www.dalux.com/about-dalux/;частично: часть полей сверена с первоисточником 06.10.2026 (по фактчеку), остальное — агрегаторы;"связь с Hilti, на которую я рассчитывал, не подтвердилась: компания независима | этапы — оценка по описанию | правка 06.10.2026: охват и штат — по странице компании (открыта); пользователи в стране не равны платным клиентам; ARR выше — оценка агрегатора, не годовая выручка";
revizto;Revizto;;revizto.com;продукт;;S3;S6a;данные;"проектировщик; генподрядчик";координация BIM-моделей, замечания;"по всему миру: более 2 500 клиентов, 260 000 пользователей (заявление компании); рост в Северной Америке и на Ближнем Востоке";"US; EU; OTHER";широкий охват;;Lausanne;Швейцария;250 в 29 странах (заявление компании, 27.11.2025);"миноритарная (вторичная) инвестиция Summit Partners, 10.07.2024; сумма не раскрыта";н/д;2008;не раскрыта;https://revizto.com/company/about-us https://en.wikipedia.org/wiki/Revizto https://revizto.com/resources/newsroom/company-news/revizto-announces-minority-investment-from-summit-partners-to-continue-propelling-the-aeco-industry-forward https://revizto.com/resources/newsroom/company-news/revizto-reports-record-growth-middle-east-and-north-america-expansion;частично: часть полей сверена с первоисточником 06.10.2026 (по фактчеку), остальное — агрегаторы;"основатель и руководитель — Арман Гукасьян | этапы — оценка по описанию | правка 06.10.2026: штаб — Лозанна (Швейцария) по сообщению компании; рынки уточнены по двум сообщениям компании (открыты)";
sablono;Sablono;;sablono.com;продукт;;S6;S6a;;генподрядчик;график и исполнение по тактовому планированию на площадке;н/д;EU;штаб;;Berlin;Германия;н/д;Series A, €5,3 млн, май 2021 (High-Tech Gründerfonds, Hasso Plattner Ventures, Nemetschek Allplan);$7,84 млн за 3 раунда;2013;не раскрыта;https://www.htgf.de/en/high-tech-gruenderfonds-hasso-plattner-ventures-and-nemetschek-allplan-systems-gmbh-invest-in-berlin-based-construction-software-start-up-sablono-gmbh/ https://tracxn.com/d/companies/sablono/__OBlinNlKa_YqnRWCQicU9UJ1OrYGx7A1ZxVD1-C9xmc;частично: агрегаторы, пресс-релизы, сайт компании;"среди инвесторов Nemetschek Allplan; свежих раундов не найдено | этапы — оценка по описанию";
rib-spain-presto;RIB Spain (Presto);;rib-software.es;крупный вендор;;S5;"S3; S6a";;"проектировщик; генподрядчик; застройщик";сметы и обмеры в BIM, контроль затрат;Испания и испаноязычные страны (по заявлению компании — самая используемая программа там);ES;текст;;н/д;Испания;н/д;входит в RIB Software (Schneider Electric);н/д;н/д;не раскрыта;https://www.rib-software.com/es/rib-presto https://www.espaciobim.com/presto https://www.fiebdc.es/asociados/presto/;частично: агрегаторы, пресс-релизы, сайт компании;"локальный игрок кластера обмеров и смет — того, чего не хватало реестру для Испании; доля рынка не найдена | этапы — оценка по описанию";Schneider Electric
ineight;InEight;;ineight.com;крупный вендор;;S6;S5a;финансы и страхование;генподрядчик (капитальные проекты);управление затратами, графиком и рисками на капитальных проектах;400 000+ пользователей, 850+ клиентов (заявление компании);US;штаб;;Scottsdale, AZ;США;н/д;дочерняя компания Kiewit Corporation с 2014;н/д;"1989 (как Hard Dollar); под именем InEight с 2014";не выделена;https://www.kiewit.com/about-us/technology-at-kiewit/ineight/ https://www.mastt.com/glossary/ineight;частично: агрегаторы, пресс-релизы, сайт компании;этапы — оценка по описанию;
sage-estimating;Sage Estimating (Sage Group);;sage.com;крупный вендор;;S5;;финансы и страхование;генподрядчик;обмер объёмов и сметы;"США (линейка для стройки); заявлено обслуживание 48% из ENR Top 400 генподрядчиков";US;текст;;Newcastle upon Tyne;Великобритания;н/д;публичная компания Sage Group (LSE);н/д;н/д;не выделена;https://www.sage.com/en-us/products/sage-estimating/ https://insightfulaccountant.com/accounting-tech/general-ledger/sage-expands-and-enhances-construction-solutions/;частично: агрегаторы, пресс-релизы, сайт компании;"продукт получен через покупку Maxwell Systems (WinEst); штаб — материнской Sage Group | этапы — оценка по описанию";
dassault;Dassault Systèmes;;3ds.com;крупный вендор;;S3;S6c;;"проектировщик; промышленный строитель";3D-проектирование и платформа 3DEXPERIENCE (сегмент архитектуры, инженерии и стройки);н/д;"US; UK; ES; NL; EU; OTHER";глобальная;да;Vélizy-Villacoublay;Франция;около 25 000 в 184 офисах;публичная компания;н/д;н/д;"€6,24 млрд за 2025 (все направления; строительство — малая часть)";https://investor.3ds.com/news-releases/news-release-details/dassault-systemes-q2-well-aligned-objectives-reaffirming-2025/ https://en.wikipedia.org/wiki/Dassault_Syst%C3%A8mes;"частично: сообщение компании инвесторам в выдаче поиска; документ не открывался";этапы — оценка по описанию | глобальная: 184 офиса по миру (агрегатор);
newforma;Newforma;;newforma.com;продукт;;S3;S6a;данные;"проектировщик; генподрядчик; собственник";управление информацией проекта, замечания, RFI;4,3 млн пользователей в 16 млн проектов (заявление компании);US;штаб;;Boston;США;201–500;частный капитал: портфельная компания Ethos Capital;н/д;2003;не раскрыта;https://www.newforma.com/newforma-konekt/ https://www.linkedin.com/company/newforma-inc;частично: агрегаторы, пресс-релизы, сайт компании;этапы — оценка по описанию;
siemens;Siemens (Digital Industries Software, Xcelerator);;siemens.com;крупный вендор;;S3;S8a;;"проектировщик; промышленный строитель; собственник";"ПО для проектирования и платформа Xcelerator; автоматизация зданий";н/д;"US; UK; ES; NL; EU; OTHER";глобальная;да;н/д;Германия;около 318 000 на 30.09.2025;публичная компания;н/д;н/д;"€78,9 млрд за финансовый 2025 (вся группа, строительство — малая часть); чистая прибыль €10,4 млрд";https://press.siemens.com/global/en/pressrelease/siemens-continues-path-profitable-growth;да: первоисточник открыт 02.10.2026 (сообщение компании об итогах финансового 2025 года);"доля строительного ПО в выручке не найдена; программный бизнес группы вырос на 14% до €1,6 млрд в квартале (II кв. 2026); глобальная: многонациональная группа | этапы — оценка по описанию";
hilti;Hilti Group;;hilti.group;крупный вендор;;S6;"S5; S3";;"генподрядчик; субподрядчик";инструменты, крепёж и ПО для стройки (Fieldwire, 4PS);н/д;"US; UK; ES; NL; EU; OTHER";глобальная;да;Schaan;Лихтенштейн;34 420 на конец 2025 (+67);частная группа;н/д;н/д;"CHF 6,3 млрд за 2025 (−2,1% в швейцарских франках; +1,9% в местных валютах); годовая повторяющаяся выручка ПО +28%, более 25 000 клиентов ПО";https://www.hilti.group/content/hilti/CP/XX/en/company/media-relations/media-releases/2025-business-result.html;да: первоисточник открыт 02.10.2026 (сообщение компании о результатах 2025);"владеет Fieldwire (2021) и 4PS (2023); глобальная: продажи по всему миру по сообщению компании | этапы — оценка по описанию";Hilti
esri;Esri;;esri.com;крупный вендор;;S0;"S2; S8a";;"муниципалитет; владелец инфраструктуры; проектировщик";геоинформационные системы (ГИС): анализ территории и инфраструктуры;н/д;"US; UK; ES; NL; EU; OTHER";глобальная;да;н/д;н/д;5 000–10 000 в 36 офисах;частная компания, принадлежит основателям;н/д;1969;"около $1,3 млрд (оценка агрегатора, 2026); не раскрыта компанией";https://en.wikipedia.org/wiki/Esri https://www.zoominfo.com/c/esri-global-inc/13320513;частично: агрегаторы, пресс-релизы, сайт компании;"строительство — одна из отраслей клиентов; глобальная: 36 офисов (агрегатор) | этапы — оценка по описанию";
planon;Planon;;planonsoftware.com;продукт;;S8a;;;"управляющая компания; собственник";ПО для управления зданиями и рабочими местами;около 3 750 клиентов в 40 странах, 17 офисов (заявление компании);"NL; EU; OTHER";широкий охват;;Nijmegen;Нидерланды;1 087–1 157 (агрегаторы);Schneider Electric увеличила долю до 80% (июль 2024);н/д;1982;"$168 млн (агрегатор), диапазон $100–500 млн; не раскрыта компанией";https://en.wikipedia.org/wiki/Planon https://pitchbook.com/profiles/company/119838-34 https://planonsoftware.com/uk/about-us/the-story-behind-planon/;частично: часть полей сверена с первоисточником 06.10.2026 (по фактчеку), остальное — агрегаторы;"лидер ПО для управления зданиями в Нидерландах по заявлению компании | этапы — оценка по описанию | правка 06.10.2026: Нидерланды — место происхождения и штаб, не весь рынок; список стран не опубликован, страны вне NL не приписаны";Schneider Electric
cmic;CMiC;;cmicglobal.com;продукт;;S6;S5;;генподрядчик (крупный);ERP и управление площадкой для крупных подрядчиков;США и Канада: крупные генподрядчики;"US; OTHER";текст;;Toronto;Канада;500–1 000 (агрегатор);частная компания, самофинансирование;н/д;1974;"$140,3 млн (оценка агрегатора); не раскрыта компанией";https://www.crunchbase.com/organization/cmic https://www.zoominfo.com/c/cmic-co/9175865;частично: агрегаторы, пресс-релизы, сайт компании;"штаб в Канаде; в США — рынок сбыта; основатель и руководитель — Гордон Роулинс | этапы — оценка по описанию";
foundation-software;Foundation Software;;foundationsoft.com;продукт;;S6;;;"генподрядчик; субподрядчик (малый и средний)";бухгалтерия, расчёт зарплаты и учёт затрат подрядчика;н/д;US;штаб;;Strongsville, OH;США;285–318 (агрегаторы, 2026);принадлежит Thoma Bravo (по агрегатору);н/д;1985;"$64,7 млн (оценка агрегатора); другой диапазон $25–100 млн; не раскрыта компанией";https://www.zoominfo.com/c/foundation-software-inc/27297758 https://pitchbook.com/profiles/company/84424-06;частично: агрегаторы, пресс-релизы, сайт компании;этапы — оценка по описанию;
openspace;OpenSpace;;openspace.ai;продукт;;S6;;;генподрядчик;съёмка 360° и контроль хода работ;в том числе проекты дата-центров (1 000+ — заявление компании);US;штаб;;н/д;США;н/д;"н/д; по Yahoo Finance привлекла около $102 млн";около $102 млн (сообщение в выдаче Yahoo Finance);н/д;не раскрыта;https://finance.yahoo.com/news/amid-uptick-m-openspace-acquires-124000709.html https://ca.finance.yahoo.com/news/openspace-surpasses-1-000-data-070000329.html;частично: агрегаторы, пресс-релизы, сайт компании;"купила Disperse (2025) — прямой конкурент Buildots и Doxel; штаб по источникам не подтверждён | этапы — оценка по описанию";OpenSpace
dusty-robotics;Dusty Robotics;;dustyrobotics.com;продукт;;S6;;;"генподрядчик; субподрядчик";робот-принтер разметки по BIM на строительной площадке (FieldPrinter);н/д;US;штаб;;н/д;США;н/д;Series B, $45 млн, май 2022 (лид Scale Venture Partners);"около $69 млн; оценка $250 млн (TechCrunch)";н/д;не раскрыта;https://techcrunch.com/2022/05/16/dustys-construction-robots-raise-another-45m/ https://techcrunch.com/2024/01/23/dusty-introduces-a-new-version-of-its-construction-layout-robot/;частично: агрегаторы, пресс-релизы, сайт компании;"клиенты — DPR, Swinerton и др. (заявление компании); последний найденный раунд — 2022 | этапы — оценка по описанию";
idox;Idox;;idoxgroup.com;продукт;;S4;;;муниципалитет;системы планирования, строительного контроля и экологического надзора для органов власти;Великобритания: местные советы, правительство Уэльса, министерство жилищного строительства;UK;текст;;н/д;Великобритания;н/д;куплена Long Path Partners (через Frankel UK Bidco): вывод с биржи завершён 05.05.2026, £339,5 млн по полностью разводнённому капиталу;н/д;н/д;"£89,8 млн за год до 31.10.2025 (+3%, год назад £87,6 млн), из них повторяющаяся £59,7 млн (66%); скорректированная EBITDA £27,0 млн (маржа 30%); поступление заказов £108 млн";https://www.investegate.co.uk/announcement/rns/idox--idox/fy25-results/9433493 https://www.idoxgroup.com/wp-content/uploads/Idox-plc-Annual-Report-2025-FINAL.pdf https://democracy.blackburn.gov.uk/documents/s26696/Award%20of%20contract%20for%20replacement%20planning%20land%20charges%20and%20building%20control%20software%20system.pdf https://www.find-tender.service.gov.uk/Notice/078342-2025 https://www.idoxgroup.com/news/long-path-partners-completes-acquisition-of-idox/ https://www.morningstar.com/news/pr-newswire/20260505ny50181/long-path-partners-completes-take-private-acquisition-of-idox-plc;да: первоисточник открыт 02.10.2026 (сообщение о результатах года на бирже);"по описанию компании — ведущий поставщик ПО строительного контроля в Великобритании; закрывает сторону муниципалитета в разрешениях (S4), которой в реестре не было | этапы — оценка по описанию | из отчёта: более 100 сотрудников в центре компании в Пуне (17% всех сотрудников) — общая численность не названа | тендер Блэкберна: 29 поставщиков приглашено, 3 ответили, оценка Idox 83,8, контракт 5 лет плюс до 5, капитальные затраты £102 тыс. (решение совета от 18.10.2024); Эпсом и Юэлл: контракт £276 340 без НДС на ПО и поддержку с 22.11.2025 до 29.10.2028, обоснование — единственный поставщик (Find a Tender) | правка 06.10.2026: статус «публичная компания» устарел: сделка завершена 05.05.2026 (страница компании открыта; сумма и дата подтверждены сообщением и СМИ); выручка выше — за год до 31.10.2025, когда компания была публичной";
elecosoft;Elecosoft;;elecosoft.com;продукт;;S6;S5;;"генподрядчик; субподрядчик";календарное планирование стройки (Powerproject) и ПО для подрядчиков;"Великобритания, Швеция, Германия, Нидерланды, США; более 50 000 компаний (заявление компании)";"US; UK; NL; EU";текст;;Haddenham;Великобритания;233–314 (агрегаторы);шведское подразделение принадлежит Eleco plc с 2003;н/д;н/д;не раскрыта по бренду (по группе Eleco plc: £38,8 млн за 2025, ARR £34,3 млн на 31.12.2025 — это вся группа);https://www.owler.com/company/elecosoft https://www.elecosoft.se/en/about https://ir.eleco.com/regulatory/final-results-8/;частично: часть полей сверена с первоисточником 06.10.2026 (по фактчеку), остальное — агрегаторы;"Powerproject пять лет подряд получал отраслевую премию (заявление компании) | этапы — оценка по описанию | правка 06.10.2026: $35,4 млн агрегатора убраны: Elecosoft — один из брендов группы Eleco plc (с BestOutcome, Pemac, Kivue); отчёт компании от 28.04.2026 открыт";
nbs;NBS (Hubexo);;thenbs.com;продукт;;S3;S5;;"проектировщик; подрядчик";спецификации и данные о строительной продукции (NBS Source, Specify);н/д;UK;штаб;;Newcastle upon Tyne;Великобритания;н/д;в ноябре 2020 продана Byggfakta Group (ныне Hubexo);н/д;н/д;"$41,4 млн для Hubexo (слабая оценка агрегатора); не раскрыта";https://en.wikipedia.org/wiki/National_Building_Specification https://pitchbook.com/profiles/company/65766-16;частично: агрегаторы, пресс-релизы, сайт компании;"национальный стандарт спецификаций в Великобритании (по описанию Википедии); данные по выручке — оценка для всей группы | этапы — оценка по описанию";
access-construction;The Access Group (строительное направление);;theaccessgroup.com;продукт;;S6;S5;;"генподрядчик; субподрядчик";ERP и управление проектами для подрядчиков;130 000 пользователей по всему миру (заявление группы);"US; UK; ES; NL; EU; OTHER";широкий охват;;Loughborough;Великобритания;9 700 по всей группе;частный капитал (Hg, Lyceum Capital), привлечено около $1,49 млрд;около $1,49 млрд (вся группа);н/д;"группа: более £1,15 млрд за год до июня 2025; строительное направление: £77 млн (по сообщению)";https://www.theaccessgroup.com/media/xl3pgqgf/annual-report-and-consolidated-financial-accounts-2025.pdf https://pitchbook.com/profiles/company/51726-88;частично: годовой отчёт группы в выдаче поиска, документ не открывался;строительное направление — часть большой группы | этапы — оценка по описанию;
pro4all;Pro4all;;pro4all.com;продукт;;S6;S7;;"генподрядчик; собственник";управление документами и качеством на стройке;"Нидерланды; покупки в Европе (PMG, Byggeprojekt, STA Software)";"NL; EU";текст;;Woerden;Нидерланды;51–200 (агрегатор);куплена Main Capital Partners, апрель 2022;н/д;2001;не раскрыта;https://main.nl/press-release/pro4all-acquires-sta-software/ https://www.pro4all.com/blog/teamwork/pro4all-used-by-34-of-the-cobouw-top-50/;частично: агрегаторы, пресс-релизы, сайт компании;по заявлению компании — крупнейший голландский поставщик ПО для стройки: 34 из 50 крупнейших строительных компаний страны | этапы — оценка по описанию;
4ps;4PS;;4psgroup.com;продукт;;S6;S5;;"генподрядчик; подрядчик по инженерным системам";ERP для строительства на Microsoft Dynamics 365;"Нидерланды, Великобритания, Бельгия, Германия; 70 000 ежедневных пользователей (заявление компании)";"UK; NL; EU";текст;;Ede;Нидерланды;320–350+ (агрегатор и сообщение Hilti);куплена Hilti: сделка объявлена в июле 2023, завершена 05.10.2023 после одобрения регуляторов;н/д;2000;"$16,5 млн (слабая оценка агрегатора); не раскрыта компанией";https://gww-bouw.nl/en/news/hilti-group-prepares-acquisition-of-4ps-group-broadening-its-software-portfolio/ https://www.crunchbase.com/organization/4ps https://www.hilti.group/content/hilti/CP/XX/en/company/media-relations/media-releases/4ps_group_acquisition_erp_software_solutions_conclusion.html;частично: часть полей сверена с первоисточником 06.10.2026 (по фактчеку), остальное — агрегаторы;этапы — оценка по описанию;Hilti
kraan;Kraan Bouwcomputing;;н/д;продукт;;S6;S5;;"генподрядчик; подрядчик";учёт, калькуляция и документы для подрядчика;н/д;NL;штаб;;Leusden;Нидерланды;35–50 (разные источники);куплена Nedvest, конец 2019;н/д;1964;не раскрыта;https://www.computable.nl/artikel/achtergrond/erp/4483681/1444691/kraan-bouwcomputing-vernieuwt-probis-lijn.html https://erp-selectie.nl/erp-systeem/kraan-bouwsoftware-kraan-bouwcomputing/;частично: агрегаторы, пресс-релизы, сайт компании;"по описанию — старейший голландский поставщик ПО для строительной и жилищной отрасли; адрес в источниках расходится (Leusden и Capelle aan den IJssel) | этапы — оценка по описанию";
ed-controls;Ed Controls;;edcontrols.com;продукт;;S6;;;"генподрядчик; подрядчик";контроль качества и коммуникация на площадке;Нидерланды, Германия, Великобритания, Индия;"UK; NL; EU; OTHER";текст;;Deventer;Нидерланды;более 50 в нескольких странах;н/д;н/д;2011;не раскрыта;https://edcontrols.com/ https://www.capterra.com/p/177007/ED-Controls/;частично: агрегаторы, пресс-релизы, сайт компании;продукт компании Dutchview | этапы — оценка по описанию;
bouwconnect;BouwConnect;;bouwconnect.nl;продукт;;S3;;;"проектировщик; подрядчик";библиотека BIM-объектов и ПО для BIM;н/д;NL;штаб;;'s-Hertogenbosch;Нидерланды;н/д;н/д;н/д;н/д;н/д;https://www.bouwconnect.nl/ https://www.apollo.io/companies/BouwConnect/5e5726e8a78bc1000125f219;частично: агрегаторы, пресс-релизы, сайт компании;"по заявлению компании — крупнейшая в Нидерландах библиотека BIM-объектов; данные агрегатора о штате и выручке похожи на шум | этапы — оценка по описанию | правка 06.10.2026: цифры агрегатора (1 сотрудник, около 83 тыс. без валюты) убраны как непригодные";
ayesa;Ayesa;;ayesa.com;консалтинг/инжиниринг;;S3;S6;;"владелец инфраструктуры; проектировщик";инжиниринг, архитектура и ИТ-услуги;н/д;ES;штаб;;н/д;Испания;н/д;н/д (частная группа);н/д;н/д;€145,1 млн за 2024 (Ayesa Ingeniería y Arquitectura S.A., по eleconomista);https://ranking-empresas.eleconomista.es/AYESA-INGENIERIA-ARQUITECTURA.html https://industrytalks.es/el-top-10-mundial-de-la-ingenieria-habla-espanol-ayesa-sener-e-ineco-se-consolidan-en-la-elite-internacional/;частично: агрегаторы, пресс-релизы, сайт компании;"по сообщению издания входит в мировую десятку крупнейших инжиниринговых компаний по версии ENR; цифра выручки — по одному юрлицу, не по всей группе | этапы — оценка по описанию";
sener;Sener;;н/д;консалтинг/инжиниринг;;S3;S6;;владелец инфраструктуры;инжиниринг и технологии;н/д;ES;штаб;;н/д;Испания;н/д;н/д (частная группа);н/д;н/д;н/д;https://industrytalks.es/el-top-10-mundial-de-la-ingenieria-habla-espanol-ayesa-sener-e-ineco-se-consolidan-en-la-elite-internacional/;частично: агрегаторы, пресс-релизы, сайт компании;"по сообщению издания входит в мировую десятку крупнейших инжиниринговых компаний по версии ENR; выручка группы не найдена | этапы — оценка по описанию";
ineco;Ineco;;ineco.com;консалтинг/инжиниринг;;S3;S8a;;владелец инфраструктуры;инжиниринг транспортной инфраструктуры;н/д;ES;штаб;;н/д;Испания;н/д;н/д;н/д;н/д;н/д;https://industrytalks.es/el-top-10-mundial-de-la-ingenieria-habla-espanol-ayesa-sener-e-ineco-se-consolidan-en-la-elite-internacional/;частично: агрегаторы, пресс-релизы, сайт компании;"по сообщению издания входит в мировую десятку крупнейших инжиниринговых компаний по версии ENR; выручка не найдена | этапы — оценка по описанию";
checktobuild;CHECKtoBUILD;;checktobuild.com;продукт;;S6;;;"генподрядчик; застройщик";сравнение облака точек площадки с BIM-моделью и отчёт об отклонениях;Испания, США (центр в Майами);"US; ES";текст;;Málaga;Испания;н/д;$1,3 млн, декабрь 2023 (лид шведский семейный офис Kulldorff);$1,3 млн;2020;не раскрыта;https://www.eaemadrid.com/en/news/checktobuild-startup-backed-eae-madrid-closes-funding-round-13-million-euros https://refreshmiami.com/news/checktobuild-raises-1-3m-to-fuel-growth-international-expansion/;частично: агрегаторы, пресс-релизы, сайт компании;редкий испанский стартап контроля стройки: ближайшие аналоги Buildots и Doxel | этапы — оценка по описанию;
itec;ITeC (TCQ, BEDEC);;itec.cat;продукт;;S5;"S3; S6";данные;"проектировщик; генподрядчик; застройщик";сметы и планирование (TCQ) и банк цен и экологических данных (BEDEC);"Каталония; TCQ используется в основном там";ES;штаб;;Barcelona;Испания;51–200 (агрегатор);частный фонд без извлечения прибыли;н/д;1978;не раскрыта;https://en.itec.cat/itec/introduction-to-itec/ https://www.fiebdc.es/asociados/institut-de-tecnologia-de-la-construccio-de-catalunya/;частично: сайт компании и профильная пресса в выдаче поиска;"не коммерческий стартап, а фонд; программа TCQ и банк цен BEDEC; по обзору рынка TCQ используется в основном в Каталонии | этапы — оценка по описанию";
eqa;EQA (Gestiona Licencias);;licencia.eqa.es;консалтинг/инжиниринг;;S4;;;"застройщик; проектировщик; муниципалитет";уполномоченная организация по проверке и оформлению градостроительных лицензий и платформа Gestiona Licencias;Мадрид, Валенсия, Галисия, Андалусия, Кастилья-и-Леон;ES;штаб;;н/д;Испания;н/д;н/д (частная компания);н/д;1998 (по сайту: более 25 лет);не раскрыта;https://licencia.eqa.es/quienes-somos/ https://licencia.eqa.es/gestiona-licencias/ https://www.madrid.es/portales/munimadrid/es/Inicio/El-Ayuntamiento/Licencias-urbanisticas/Actualidad/Licitacion-del-Contrato-MADRIDdbp/?vgnextoid=ccb2a8b4b15d7910VgnVCM1000001d4a900aRCRD&vgnextchannel=397299ecfebf6410VgnVCM1000000b205a0aRCRD https://chekdbp.eu/;частично: сайт компании и профильная пресса в выдаче поиска;"выполняет функции Entidad Colaboradora Urbanística при мадридском муниципалитете с 2009–2010 годов; платформа бесплатна для клиентов (по описанию компании); сокращает срок лицензии с 18 до 3 месяцев — заявление компании; это услуга с программой, а не чистый софт. Рядом: муниципальные платформы Madrid-DBP (цифровые разрешения на строительство на основе BIM) и проект Малаги «Check Digital Building Permit» | этапы — оценка по описанию | в реестре уполномоченных организаций Мадрида значится EQA Licencias Urbanísticas S.L.; город описывает платформу MADRIDdbp (цифровые разрешения на основе BIM) как будущую; тендер 300/2025/00064 от 30.06.2025 на €9 326 691,30 без НДС — поставщик по источникам не установлен, запуск не доказан; проект CHEK (ЕС) — консорциум, а не единый поставщик";
roxit;Roxit (Visma Roxit);;roxit.nl;продукт;;S4;;комплаенс;муниципалитет;ПО для планов и документов по закону об окружающей среде (Rx.Base) и публикации в DSO;Нидерланды: более 500 клиентов — заявление компании;NL;текст;;Zwolle;Нидерланды;около 250 (на 11.02.2019, историческое значение);куплена Main Capital (2015), затем Visma: сообщение Visma от 11.02.2019;н/д;н/д;не раскрыта;https://www.emerce.nl/wire/visma-neemt-roxit-groep-n-toonaangevende-spelers-nederlandse-private-semi-overheidssoftwaremarkt https://www.gemeente.nu/ruimte-milieu/omgevingswet/slinkende-plansoftwaremarkt-nekt-gemeenten/ https://www.visma.com/newsroom/visma-acquires-roxit-group-046f861d;частично: часть полей сверена с первоисточником 06.10.2026 (по фактчеку), остальное — агрегаторы;"по прессе — одна из четырёх компаний, делящих рынок ПО для планов (Roxit, GISkit, xxllnc, Cadac); закрывает сторону муниципалитета в разрешениях | этапы — оценка по описанию | внешний профиль в отчёте Parallel: основана 2011, около 184 сотрудников (расходится с «около 250» по сообщению о покупке Visma); по тендерам — шестилетний контракт на ПО VTH для Midden-Drenthe (вторичный источник, не проверен)";
xxllnc;xxllnc;;xxllnc.nl;продукт;;S4;;комплаенс;муниципалитет;ПО для документов окружающей среды, правил и разрешений (DSO);Нидерланды: провинции, муниципалитеты, водные советы;NL;текст;;Hengelo;Нидерланды;более 220 (по сайту);н/д;н/д;н/д;не раскрыта;https://xxllnc.nl/teams/omgeving/ https://xxllnc.nl/applicaties/omgevingsdocumenten;частично: сайт компании и профильная пресса в выдаче поиска;"офисы в Hengelo, Amsterdam, Eindhoven; пакет поддерживает 21 000 видов разрешений (заявление компании); одна из четырёх компаний на рынке ПО для планов | этапы — оценка по описанию";
giskit;GISkit;;н/д;продукт;;S4;;;муниципалитет;ПО для планов по закону об окружающей среде;Нидерланды: муниципалитеты;NL;текст;;н/д;Нидерланды;н/д;н/д;н/д;н/д;не раскрыта;https://www.binnenlandsbestuur.nl/digitaal/gemeenten-in-de-knel-door-krimp-aanbod-plansoftware;частично: упоминание в профильной прессе, данных о компании почти нет;"по прессе — одна из четырёх компаний на рынке ПО для планов; штаб, размер и финансы не найдены | этапы — оценка по описанию";
cadac;Cadac Group (направление для органов власти, бывш. NedGraphics);;cadac.com;продукт;;S4;;;муниципалитет;ПО для планов по закону об окружающей среде;Нидерланды: муниципалитеты;NL;текст;;н/д;Нидерланды;н/д;н/д;н/д;н/д;не раскрыта;https://www.binnenlandsbestuur.nl/digitaal/gemeenten-in-de-knel-door-krimp-aanbod-plansoftware https://www.cadac.com/us/news/nedgraphics-becomes-cadac-group/;частично: упоминание в профильной прессе, данных о компании почти нет;"по прессе — одна из четырёх компаний на рынке ПО для планов; штаб, размер и финансы не найдены | этапы — оценка по описанию | правка 06.10.2026: NedGraphics переименована в Cadac Group с 01.01.2022 (сообщение компании в выдаче поиска, страница не открывалась); карточка относится к направлению для органов власти, не ко всей группе";
costx;CostX (RIB);;rib-software.com/en/rib-costx;продукт;;S5;;;"сметчик; генподрядчик";цифровой обмер объёмов и сметы для сметчиков;Великобритания;UK;текст;;н/д;н/д;н/д;н/д;н/д;н/д;не раскрыта;https://esremedia.co.uk/blog/construction-estimating-software-uk https://www.surveyorsuccess.co.uk/article/costx-review-quantity-takeoff-software https://www.rib-software.com/en/rib-costx;частично: обзоры программ в выдаче поиска, данных о компании нет;"по обзорам — широко известна среди британских сметчиков; владелец и финансы не найдены | этапы — оценка по описанию | правка 06.10.2026: это продукт RIB (RIB CostX), не самостоятельная компания; сметы и обмеры, есть облачный вариант и локальные лицензии; Великобритания — подтверждённый рынок, не полный охват";Schneider Electric
cubit;Cubit (Buildsoft);;н/д;продукт;;S5;;;"генподрядчик; субподрядчик";обмер площадей, длин и количеств по двумерным чертежам;Великобритания;UK;текст;;н/д;н/д;н/д;н/д;н/д;н/д;не раскрыта;https://esremedia.co.uk/blog/construction-estimating-software-uk;частично: обзор программ в выдаче поиска, данных о компании нет;"по обзору — самый используемый инструмент 2D-обмеров у британских подрядчиков; владелец и финансы не найдены | этапы — оценка по описанию";
candy;Candy (RIB);;rib-software.com/en/rib-candy;продукт;;S5;S6;;подрядчик по гражданскому строительству;сметы и обмеры для гражданского строительства (по стандарту CESMM4);Великобритания;UK;текст;;н/д;н/д;н/д;н/д;н/д;н/д;не раскрыта;https://esremedia.co.uk/blog/construction-estimating-software-uk https://www.rib-software.com/en/rib-candy;частично: часть полей сверена с первоисточником 06.10.2026 (по фактчеку), остальное — агрегаторы;"по обзору принадлежит CCS и RIB; финансы не найдены | этапы — оценка по описанию | правка 06.10.2026: принадлежит RIB Software GmbH и дочерним компаниям (страница открыта); охватывает обмеры и сметы, планирование и контроль проекта, поэтому добавлен S6";Schneider Electric
cegid-menfis;Cegid Menfis / Menfis GO;;cegid.com;продукт;;S5;S6;;"проектировщик; генподрядчик";сметы, обмеры и сертификации;Испания;ES;текст;;н/д;Испания;н/д;продукт группы Cegid (иностранная группа);н/д;н/д;не раскрыта;https://www.cegid.com/ib/es/productos/programa-software-presupuestos-obra/ https://www.softwareseleccion.com/menfis-p-3586;частично: отчёт Parallel (источники в списке), данные не сверены с первоисточником;"по обзорам рынка — одна из основных испанских программ смет наряду с Presto, Arquímedes и TCQ; популярна в ряде автономных сообществ; штаб команды продукта, год и штат не найдены | этапы — оценка по описанию";Cegid
sigrid;Cegid Sigrid ERP (Professional Software);;menfis.es;продукт;;S6;"S5; S8a";;генподрядчик;ERP для подрядчиков: затраты, отклонения по объектам, управление отделами;Испания;ES;текст;;Madrid;Испания;н/д;продукт группы Cegid (иностранная группа);н/д;1987 (Professional Software, по агрегатору Tracxn);не раскрыта;https://menfis.es/productos/sigrid/erp-constructoras https://www.construccionessanmartin.com/noticias/sigrid-erp-professional-software-sa-y-construcciones-san-martin-avanzando-en-la-digitalizacion-empresarial;частично: отчёт Parallel (источники в списке), данные не сверены с первоисточником;назван внедряющий подрядчик — Construcciones San Martín (один пример, не репрезентативная статистика) | этапы — оценка по описанию;Cegid
brickcontrol;BrickControl;;brickcontrol.com;продукт;;S6;S5;;генподрядчик;облачное планирование, бюджеты и управление строительными проектами;Испания;ES;текст;;н/д;Испания;н/д;н/д;н/д;н/д;не раскрыта;https://www.brickcontrol.com/es;частично: отчёт Parallel (источники в списке), данные не сверены с первоисточником;сведения о владельцах, финансах, штате и распространённости не найдены | этапы — оценка по описанию;
istram;Istram;;istram.net;продукт;;S3;"S2; S5";;"проектировщик; подрядчик по гражданскому строительству";проектирование и обмеры для гражданского и дорожного строительства;Испания;ES;текст;;Llanera;Испания;н/д;н/д;н/д;1991;не раскрыта;;частично: отчёт Parallel (источники в списке), данные не сверены с первоисточником;этапы — оценка по описанию | правка 06.10.2026: цифры агрегатора Tracxn убраны: источник — только корень tracxn.com, без профиля компании или документа;
bimetica;Bimetica;;bimetica.com;продукт;;S3;;;"проектировщик; дистрибьютор/производитель";библиотека BIM-объектов для проектировщиков и производителей;Испания;ES;текст;;н/д;Испания;н/д;н/д;н/д;н/д;не раскрыта;https://bimetica.com/pricing.php?lang=hr;частично: отчёт Parallel (источники в списке), данные не сверены с первоисточником;сведения о владельцах, финансах и числе загрузок не найдены | этапы — оценка по описанию;
construsoft;Construsoft (дистрибьютор Tekla);;construsoft.es;продукт;;S3;S6;;"проектировщик; подрядчик";дистрибьютор Tekla (Trimble) в Испании и Латинской Америке: BIM для конструкций;Испания;ES;текст;;н/д;Испания;н/д;н/д;н/д;н/д;не раскрыта;https://www.construsoft.es/es/software-bim;частично: отчёт Parallel (источники в списке), данные не сверены с первоисточником;эксклюзивное распространение Tekla — по заявлению самой компании (один источник) | этапы — оценка по описанию;
saalg;SAALG;;saalg.com;продукт;;S6;S2;;"генподрядчик; собственник";контроль проекта с ИИ: геотехника и ход работ;Испания;ES;текст;;Barcelona;Испания;н/д;н/д;н/д;2016;не раскрыта;https://www.saalg.com;частично: отчёт Parallel (источники в списке), данные не сверены с первоисточником;число проектов и клиентов в Испании не найдено | этапы — оценка по описанию | правка 06.10.2026: цифры агрегатора Tracxn убраны: источник — только корень tracxn.com, без профиля компании или документа;
011h;011h;;011h.com;продукт (платформа интегратора);;S3;"S6; S7";;"застройщик; генподрядчик";цифровая платформа интегратора: проектирование по каталогу готовых решений и строительство с сетью производителей;Испания;ES;текст;;Barcelona;Испания;н/д;н/д;н/д;2020;не раскрыта;https://011h.com;частично: часть полей сверена с первоисточником 06.10.2026 (по фактчеку), остальное — агрегаторы;"предложение шире сканирования площадки: цифровая поставка зданий; число объектов не найдено; сайт 011h.com — из таблицы отчёта | этапы — оценка по описанию | правка 06.10.2026: по официальному сайту — проектирование и строительство «под ключ»; цифровая платформа показана как внутренний инструмент, продажа ПО внешним клиентам не найдена; цифры Tracxn (штат, раунд, сумма) убраны — ссылки только на корень tracxn.com | финансы, 06.10.2026: основатель карты уточнил: компания развивает собственный цифровой продукт; по её формулировке — «интегратор»: собственная цифровая платформа для проектирования по каталогу готовых решений и строительства с сетью производителей. Продажа платформы внешним клиентам на сайте не найдена, поэтому запись остаётся с пометкой «платформа интегратора», а не «ПО как услуга»";
aridditive;Aridditive;;aridditive.com;продукт;;S6;;;"генподрядчик; производитель сборных элементов";3D-печать бетоном и прослеживаемость;Испания;ES;текст;;Barcelona;Испания;н/д;н/д;н/д;н/д;не раскрыта;https://aridditive.com;частично: отчёт Parallel (источники в списке), данные не сверены с первоисточником;этапы — оценка по описанию | правка 06.10.2026: цифры агрегатора Tracxn убраны: источник — только корень tracxn.com, без профиля компании или документа;
hoprin;Hoprin;;hoprin.com;продукт;;S6;;;генподрядчик;роботы для строительной площадки;Испания;ES;текст;;н/д;Испания;н/д;н/д;н/д;н/д;не раскрыта;https://hoprin.com;не подтверждено: 06.10.2026 первоисточник не открылся, запись по описанию в фактчеке;"в записи компании упомянут грант, сумма и инвестор не подтверждены; данных о промышленных установках нет | этапы — оценка по описанию | правка 06.10.2026: сайт не прочитан автоматически; это не доказывает, что компании нет — запись не подтверждена";
arcus-global;Arcus Global;;arcusglobal.com;продукт;;S4;;;муниципалитет;ПО на Salesforce для планирования, строительного контроля и разрешений;Великобритания;UK;текст;;н/д;Великобритания;н/д;н/д;н/д;н/д;не раскрыта;https://www.arcusglobal.com/built-environment/arcus-planning https://www.applytosupply.digitalmarketplace.service.gov.uk/g-cloud/services/563432905491123;частично: отчёт Parallel (источники в списке), данные не сверены с первоисточником;"продукты есть в правительственном каталоге закупок; штаб, штат и клиенты не подтверждены | этапы — оценка по описанию";
nec-software;NEC Software Solutions;;necsws.com;крупный вендор;;S4;;;муниципалитет;программы для органов власти (по обзору — в том числе планирование);Великобритания;UK;текст;;Hemel Hempstead;Великобритания;около 1 740 (по внешним данным, для всей компании);н/д;н/д;н/д;не раскрыта;https://www.31tenconsulting.co.uk/project/built-environment-cloud-based-system-procurement/;частично: отчёт Parallel (источники в списке), данные не сверены с первоисточником;"действующий контракт по планированию или строительному контролю не подтверждён; старые установки Acolaid принадлежат Idox, а не NEC | этапы — оценка по описанию";
civica;Civica;;civica.com;крупный вендор;;S4;;;муниципалитет;программы для местных органов власти (планирование — не подтверждено);"Великобритания и мир; 900 партнёров из органов власти — заявление компании";UK;текст;;London;Великобритания;н/д;н/д;н/д;н/д;не раскрыта;https://www.civica.com/en-us/sector-pages/local-government;частично: отчёт Parallel (источники в списке), данные не сверены с первоисточником;"заявление о 900 партнёрах — для всей компании, не число клиентов по планированию; действующий выигрыш в планировании не подтверждён | этапы — оценка по описанию";
barnbrook;Barnbrook Software (AIP);;buildingcontrolsoftware.com;продукт;;S4;;;орган строительного контроля;рабочий процесс для частных органов строительного контроля (Approved Inspector Professional);Великобритания;UK;текст;;н/д;Великобритания;н/д;н/д;н/д;н/д;не раскрыта;https://www.buildingcontrolsoftware.com/;частично: отчёт Parallel (источники в списке), данные не сверены с первоисточником;"не заменяет регулятора по зданиям высокого риска (Building Safety Regulator); сведения о компании не найдены | этапы — оценка по описанию";
planning-portal;Planning Portal (TerraQuest);;planningportal.co.uk;продукт;;S4;;;"застройщик; проектировщик";национальный путь подготовки и подачи заявок на планирование (сторона заявителя);Великобритания (в основном Англия);UK;текст;;н/д;Великобритания;н/д;в 2020 TerraQuest продана Apse Capital за £72 млн (вторичный источник);н/д;н/д;не раскрыта;https://www.business-live.co.uk/technology/terraquest-solutions-sold-apse-capital-19232868 https://architecturaltechnology.com/resource/planning-portal-fee-uplift-25-26.html;частично: отчёт Parallel (источники в списке), данные не сверены с первоисточником;"текущего владельца нужно проверить; плата заявителя за подачу меняется ежегодно | этапы — оценка по описанию";
uk-planning-gateway;UK Planning Gateway;;planninggateway.co.uk;продукт;;S4;;;проектировщик;подготовка и подача заявок на планирование для архитекторов и технологов;Великобритания;UK;текст;;н/д;Великобритания;н/д;н/д;н/д;н/д;не раскрыта;https://planninggateway.co.uk/;частично: отчёт Parallel (источники в списке), данные не сверены с первоисточником;сведения о компании, финансах и объёмах не найдены | этапы — оценка по описанию;
planx;PlanX (Open Digital Planning);;opendigitalplanning.org;продукт (государственный проект);;S4;;;муниципалитет;государственный конструктор цифровых услуг планирования для советов (низкий код);Великобритания (Англия);UK;текст;;н/д;Великобритания;н/д;проект, финансируемый государством;н/д;н/д;не раскрыта;https://opendigitalplanning.org/planx https://mhclgdigital.blog.gov.uk/2026/03/23/transforming-planning-with-planx-and-new-funding-to-help-local-planning-authorities-reap-the-rewards/;"да: первоисточник — публикация правительства Великобритании в выдаче отчёта; страница не открывалась мной";"на март 2026: 16 органов используют, создано 56 услуг, ещё 23 органа получили финансирование на год; это не коммерческая компания | этапы — оценка по описанию | правка 06.10.2026: продукт инициативы Open Digital Planning для органов власти, не коммерческая компания";
searchland;SearchLand;;searchland.co.uk;продукт;;S0;S1;;"застройщик; инвестор/собственник";поиск участков, история разрешений и оповещения;Великобритания;UK;текст;;London;Великобритания;около 60 (внешний профиль);инвестор Fuel Ventures (внешний профиль);около $3,0 млн (внешний профиль);2020;не раскрыта;http://searchland.co.uk/ http://searchland.co.uk/blog/uk-planning-data-tool;частично: отчёт Parallel (источники в списке), данные не сверены с первоисточником;"база более 23 млн заявок на планирование и 2 000+ клиентов-специалистов по недвижимости — заявления компании; это поиск участков, а не система подачи и согласования | этапы — оценка по описанию";
landtech;LandTech;;land.tech;продукт;;S0;S1;;застройщик;поиск и первичная оценка участков для застройщиков;Великобритания;UK;текст;;London;Великобритания;около 144 (внешний профиль);н/д;около $69,2 млн за всё время (внешний профиль);2014;не раскрыта;https://land.tech;частично: отчёт Parallel (источники в списке), данные не сверены с первоисточником;"выручка и число клиентов не проверены; не система решений совета | этапы — оценка по описанию";
urban-intelligence;Urban Intelligence;;urbanintelligence.co.uk;продукт;;S0;;;застройщик;анализ планирования и земли;Великобритания;UK;текст;;London;Великобритания;около 9 (внешний профиль);н/д;н/д;2014;не раскрыта;https://urbanintelligence.co.uk;частично: отчёт Parallel (источники в списке), данные не сверены с первоисточником;финансы и число клиентов не найдены | этапы — оценка по описанию;
centric-leefomgeving;Centric (Leefomgeving, VTH);;centric.eu;крупный вендор;;S4;;;муниципалитет;программа выдачи разрешений, надзора и контроля (VTH) для публичных органов;Нидерланды: муниципалитеты, экологические службы, министерства;NL;текст;;Gouda;Нидерланды;около 2 346 (вся компания Centric);н/д;н/д;1992 (вся компания);не раскрыта;https://centric.eu/nl/it-oplossingen-overheid/fysiek-domein/leefomgeving;частично: отчёт Parallel (источники в списке), данные не сверены с первоисточником;"цифры по штату и году — для всей Centric, не для направления; финансы и число клиентов по продукту не найдены | этапы — оценка по описанию";
genetics;Genetics (PowerBrowser);;genetics.nl;продукт;;S4;;;муниципалитет;ведение дел VTH, ГИС и административная система;Нидерланды;NL;текст;;н/д;Нидерланды;н/д;н/д;н/д;н/д;не раскрыта;https://genetics.nl/oplossingen/powerbrowser;частично: отчёт Parallel (источники в списке), данные не сверены с первоисточником;сведения о компании, финансах и числе клиентов не найдены | этапы — оценка по описанию;
testfit;TestFit;;testfit.io;продукт;н/д;S0;"S3; S5";;"застройщик; проектировщик";поиск вариантов застройки участка и ТЭО;н/д;US;штаб;;Dallas;США;н/д;Series A, $20 млн, 26.07.2022 (ведущий инвестор Parkway Venture Capital);$22 млн всего на 26.07.2022;н/д;не раскрыта;https://testfit.io https://www.globenewswire.com/news-release/2022/07/26/2486004/0/en/testfit-announces-20-million-investment-by-parkway-venture-capital.html;частично: пресс-релиз или страница компании открыты 06.10.2026, остальное — агрегаторы;"по сайту компании (открыт): генерация планов участка, парковок, финансовая модель; штаб на сайте не указан | этапы — оценка по описанию | финансы, 06.10.2026: раунд и штаб — по пресс-релизу (открыт); штат и выручка не найдены; 6 200+ пользователей — заявление компании";
skyciv;SkyCiv;;skyciv.com;продукт;н/д;S3;;;проектировщик;облачные расчёты строительных конструкций;инженеры в более чем 160 странах (заявление компании);"US; UK; ES; NL; EU; OTHER";широкий охват;;Sydney;Австралия;около 26 (оценка агрегатора, 2026);внешних инвестиций нет: компания называет себя самофинансируемой;н/д (агрегатор: около $20 тыс. от UNSW Founders);2013 (по сайту компании);"оценка агрегатора Latka: $2,9 млн за 2025; не раскрыта компанией";https://skyciv.com https://skyciv.com/about/ https://getlatka.com/companies/skyciv.com;частично: пресс-релиз или страница компании открыты 06.10.2026, остальное — агрегаторы;"по сайту компании (открыт): моделирование, анализ и проверка по нормам (AISC, EN, NDS, AS, CSA); регистрация — Австралия по номеру ABN в подвале сайта; штаб не подтверждён | этапы — оценка по описанию | финансы, 06.10.2026: офисы Сидней и Чикаго, 160+ стран и 10 000+ инженеров — по странице компании (открыта); выручка — оценка агрегатора, не годовая выручка по отчётности";
nplan;nPlan;;nplan.io;продукт;н/д;S6;S5;данные;"генподрядчик; собственник";прогноз рисков и срыва графика проекта;н/д;UK;штаб;;London;Великобритания;н/д;"Series B, £11,9 млн (около $16 млн), 17.10.2025 (ведущий инвестор CapHorn; также Chevron Technology Ventures, Suffolk Technologies, GV, Pentech Ventures, LocalGlobe)";н/д;2017 (по словам основателя в сообщении об инвестиции);не раскрыта;https://nplan.io https://www.uktechnews.info/2025/10/17/nplan-secures-11-9-million-series-b-investment-led-by-caphorn/;частично: пресс-релиз или страница компании открыты 06.10.2026, остальное — агрегаторы;"по сайту компании (открыт): база более 750 000 графиков проектов (заявление компании); адрес в Лондоне | этапы — оценка по описанию | финансы, 06.10.2026: общая сумма, штат и выручка в сообщении не названы";
one-click-lca;One Click LCA;;oneclicklca.com;продукт;н/д;S3;S0;комплаенс;"проектировщик; производитель материалов";оценка углеродного следа и жизненного цикла зданий, экологические декларации (EPD);н/д;"US; UK; ES; NL; EU; OTHER";широкий охват;;Helsinki;Финляндия;170–236 (агрегаторы);€40 млн, 28.11.2023 (PSG и InfraVia);"€40 млн в раунде 2023; общая сумма не найдена (агрегатор: $43,8 млн)";2001 (агрегатор);слабая оценка агрегатора: $21 млн, год не указан;https://oneclicklca.com https://tech.eu/2023/11/28/one-click-lca-secures-40-m-investment-to-decarbonise-the-world-s-construction/ https://oneclicklca.com/en/resources/press-release/40m-growth-equity-psg-infravia/;"частично: агрегаторы и пресса, первоисточник не открывался; сайт компании не открылся 06.10.2026";"по сайту компании (открыт): 500 000+ наборов данных, 170+ стран (заявление компании); штаб на странице не указан | этапы — оценка по описанию | финансы, 06.10.2026: раунд и штаб Хельсинки — по пресс-релизам в выдаче поиска (страницы не открывались); штат и выручка — агрегаторы, расходятся";
madaster;Madaster;;madaster.com;продукт;н/д;S7;"S8a; S9";данные;"собственник; проектировщик";паспорта материалов здания и показатели циркулярности;Нидерланды, Бельгия, Германия, Австрия, Швейцария, Норвегия, Великобритания (по сайту компании);"NL; UK; EU";текст;;Amsterdam;Нидерланды;н/д;"заём Фонда «Зелёный, здоровый, умный» (Economic Board Utrecht), 17.01.2019; сумма не указана";около $4 млн (агрегатор);2017 (агрегатор);не раскрыта;https://madaster.com https://madaster.com/inspiration/green-healthy-smart-fund-loan-impulse-for-further-development-of-madasters-online-material-passport/;частично: пресс-релиз или страница компании открыты 06.10.2026, остальное — агрегаторы;"по сайту компании (открыт): паспорта материалов, углерод, соответствие таксономии ЕС | этапы — оценка по описанию | финансы, 06.10.2026: в 2019 компания называла себя Utrecht-платформой; на текущем сайте адрес в Амстердаме; штат и выручка не найдены; 200+ клиентов — заявление 2019 года";
yardi;Yardi;;yardi.com;продукт;н/д;S8a;S8b;;"управляющая компания; собственник";ПО для управления недвижимостью;н/д;;нет данных;;Santa Barbara;США;около 10 000 (оценка агрегаторов);частная компания;н/д;1984 (справочник);слабая оценка агрегатора: $2,2 млрд, год не указан;https://yardi.com https://en.wikipedia.org/wiki/Yardi_Systems;"частично: агрегаторы и пресса, первоисточник не открывался; сайт компании не открылся 06.10.2026";"сайт не открылся (403); назначение — по фактчеку; штаб, размер и финансы не искались | этапы — оценка по описанию | финансы, 06.10.2026: сайт не открылся (403); штаб и штат — по справочникам в выдаче поиска; выручка из одного агрегатора без года — в сортировке не используется";
mri-software;MRI Software;;mrisoftware.com;продукт;н/д;S8a;S8b;;"управляющая компания; собственник";ПО для управления недвижимостью и объектами, аренда и учёт;более 170 стран, 45 000+ клиентов (заявление компании);"US; UK; ES; NL; EU; OTHER";глобальная;да;Solon;США;н/д;"частная компания: владельцы TA Associates, GI Partners, Harvest Partners; в сентябре 2025 сообщалось о продаже или IPO с оценкой до $10 млрд с учётом долга";н/д;н/д;"около $1 млрд в год, EBITDA около $400 млн — по сообщению Private Equity Wire от 30.09.2025; компанией не раскрыта";https://mrisoftware.com https://www.privateequitywire.co.uk/pe-backers-eye-10bn-mri-software-exit-via-sale-or-ipo/;частично: пресс-релиз или страница компании открыты 06.10.2026, остальное — агрегаторы;"по сайту компании (открыт): адрес — Solon, Огайо, США; охват — заявление компании | этапы — оценка по описанию | финансы, 06.10.2026: выручка и владельцы — по сообщению отраслевого издания (открыто), со ссылкой на источники; сумма и состав — не отчётность компании";
